Map Name,Density %,Agent #,CBS Sum Of Cost,SIPP Sum Of Cost,CBS Makespan,SIPP Makespan,CBS Time,SIPP Time
.\benchmark\8x8_obst12\map_8by8_obst12_agents10_ex10.yaml,18.75,10,84,87,12,12,4.378027439117432,0.04288649559020996
.\benchmark\8x8_obst12\map_8by8_obst12_agents10_ex11.yaml,18.75,10,75,86,13,18,0.6053967475891113,0.0438840389251709
.\benchmark\8x8_obst12\map_8by8_obst12_agents10_ex12.yaml,18.75,10,67,70,10,12,0.47030138969421387,0.04089164733886719
.\benchmark\8x8_obst12\map_8by8_obst12_agents10_ex19.yaml,18.75,10,76,75,15,13,6.44919753074646,0.04390358924865723
.\benchmark\8x8_obst12\map_8by8_obst12_agents10_ex27.yaml,18.75,10,47,47,8,8,0.09674286842346191,0.033910274505615234
.\benchmark\8x8_obst12\map_8by8_obst12_agents10_ex32.yaml,18.75,10,68,69,9,11,4.733436822891235,0.03889656066894531
.\benchmark\8x8_obst12\map_8by8_obst12_agents10_ex33.yaml,18.75,10,50,51,9,9,0.06981468200683594,0.030939817428588867
.\benchmark\8x8_obst12\map_8by8_obst12_agents10_ex34.yaml,18.75,10,64,65,10,10,0.07480049133300781,0.0329134464263916
.\benchmark\8x8_obst12\map_8by8_obst12_agents10_ex37.yaml,18.75,10,61,59,10,10,0.5764718055725098,0.02992081642150879
.\benchmark\8x8_obst12\map_8by8_obst12_agents10_ex39.yaml,18.75,10,57,56,12,12,3.8936824798583984,0.03191542625427246
.\benchmark\8x8_obst12\map_8by8_obst12_agents10_ex41.yaml,18.75,10,65,66,10,10,0.539546012878418,0.03590512275695801
.\benchmark\8x8_obst12\map_8by8_obst12_agents10_ex42.yaml,18.75,10,59,58,12,10,1.2317352294921875,0.03790140151977539
.\benchmark\8x8_obst12\map_8by8_obst12_agents10_ex43.yaml,18.75,10,78,83,13,13,3.315237522125244,0.03989577293395996
.\benchmark\8x8_obst12\map_8by8_obst12_agents10_ex46.yaml,18.75,10,48,49,9,9,0.015957355499267578,0.028923988342285156
.\benchmark\8x8_obst12\map_8by8_obst12_agents10_ex49.yaml,18.75,10,54,54,7,9,5.4415602684021,0.029920578002929688
.\benchmark\8x8_obst12\map_8by8_obst12_agents10_ex50.yaml,18.75,10,89,87,15,15,5.251105785369873,0.0438838005065918
.\benchmark\8x8_obst12\map_8by8_obst12_agents10_ex51.yaml,18.75,10,52,87,11,15,0.032914161682128906,0.0438838005065918
.\benchmark\8x8_obst12\map_8by8_obst12_agents10_ex57.yaml,18.75,10,61,57,12,12,0.8647291660308838,0.03887605667114258
.\benchmark\8x8_obst12\map_8by8_obst12_agents10_ex58.yaml,18.75,10,62,70,9,15,0.06782150268554688,0.04288673400878906
.\benchmark\8x8_obst12\map_8by8_obst12_agents10_ex59.yaml,18.75,10,59,64,13,13,0.2283945083618164,0.038916826248168945
.\benchmark\8x8_obst12\map_8by8_obst12_agents10_ex63.yaml,18.75,10,61,62,11,9,0.7879116535186768,0.03191542625427246
.\benchmark\8x8_obst12\map_8by8_obst12_agents10_ex64.yaml,18.75,10,44,44,8,8,0.0019943714141845703,0.027925491333007812
.\benchmark\8x8_obst12\map_8by8_obst12_agents10_ex65.yaml,18.75,10,67,70,10,10,1.5778207778930664,0.03690385818481445
.\benchmark\8x8_obst12\map_8by8_obst12_agents10_ex67.yaml,18.75,10,66,66,12,10,6.4569618701934814,0.033933162689208984
.\benchmark\8x8_obst12\map_8by8_obst12_agents10_ex7.yaml,18.75,10,58,62,10,13,0.08475232124328613,0.035883188247680664
.\benchmark\8x8_obst12\map_8by8_obst12_agents10_ex71.yaml,18.75,10,55,57,9,9,0.6772050857543945,0.02892446517944336
.\benchmark\8x8_obst12\map_8by8_obst12_agents10_ex74.yaml,18.75,10,64,65,10,10,0.7141075134277344,0.03889656066894531
.\benchmark\8x8_obst12\map_8by8_obst12_agents10_ex75.yaml,18.75,10,58,61,8,8,0.05186295509338379,0.03492879867553711
.\benchmark\8x8_obst12\map_8by8_obst12_agents10_ex79.yaml,18.75,10,70,73,12,14,14.633228778839111,0.03989410400390625
.\benchmark\8x8_obst12\map_8by8_obst12_agents10_ex8.yaml,18.75,10,58,62,10,14,0.18850159645080566,0.029898405075073242
.\benchmark\8x8_obst12\map_8by8_obst12_agents10_ex83.yaml,18.75,10,65,68,14,13,2.0645294189453125,0.04186892509460449
.\benchmark\8x8_obst12\map_8by8_obst12_agents10_ex86.yaml,18.75,10,90,96,18,17,3.777966260910034,0.046875715255737305
.\benchmark\8x8_obst12\map_8by8_obst12_agents10_ex88.yaml,18.75,10,76,74,12,12,2.890317440032959,0.04585766792297363
.\benchmark\8x8_obst12\map_8by8_obst12_agents10_ex89.yaml,18.75,10,76,77,10,11,0.5435404777526855,0.0438685417175293
.\benchmark\8x8_obst12\map_8by8_obst12_agents10_ex90.yaml,18.75,10,67,68,9,10,6.269057989120483,0.036882877349853516
.\benchmark\8x8_obst12\map_8by8_obst12_agents10_ex91.yaml,18.75,10,57,57,11,11,0.3630259037017822,0.03289222717285156
.\benchmark\8x8_obst12\map_8by8_obst12_agents10_ex93.yaml,18.75,10,63,65,9,9,0.2533082962036133,0.036904335021972656
.\benchmark\8x8_obst12\map_8by8_obst12_agents10_ex97.yaml,18.75,10,62,61,10,10,1.0951001644134521,0.03688240051269531
.\benchmark\8x8_obst12\map_8by8_obst12_agents11_ex1.yaml,18.75,11,70,71,10,10,1.2137861251831055,0.044881343841552734
.\benchmark\8x8_obst12\map_8by8_obst12_agents11_ex11.yaml,18.75,11,66,66,9,10,1.661590814590454,0.03790760040283203
.\benchmark\8x8_obst12\map_8by8_obst12_agents11_ex17.yaml,18.75,11,77,81,11,15,1.2955665588378906,0.04386258125305176
.\benchmark\8x8_obst12\map_8by8_obst12_agents11_ex19.yaml,18.75,11,61,62,11,11,1.3085341453552246,0.03690147399902344
.\benchmark\8x8_obst12\map_8by8_obst12_agents11_ex22.yaml,18.75,11,84,92,12,11,3.8986494541168213,0.051863908767700195
.\benchmark\8x8_obst12\map_8by8_obst12_agents11_ex32.yaml,18.75,11,79,91,10,14,1.0631623268127441,0.052878379821777344
.\benchmark\8x8_obst12\map_8by8_obst12_agents11_ex37.yaml,18.75,11,69,77,11,12,0.1296539306640625,0.04687309265136719
.\benchmark\8x8_obst12\map_8by8_obst12_agents11_ex39.yaml,18.75,11,83,83,12,12,3.824842929840088,0.054856300354003906
.\benchmark\8x8_obst12\map_8by8_obst12_agents11_ex45.yaml,18.75,11,71,71,12,10,2.760685682296753,0.04488110542297363
.\benchmark\8x8_obst12\map_8by8_obst12_agents11_ex46.yaml,18.75,11,69,71,10,12,0.5984342098236084,0.0438847541809082
.\benchmark\8x8_obst12\map_8by8_obst12_agents11_ex54.yaml,18.75,11,83,91,12,14,1.0941202640533447,0.05286049842834473
.\benchmark\8x8_obst12\map_8by8_obst12_agents11_ex74.yaml,18.75,11,62,62,12,10,0.22139263153076172,0.03590512275695801
.\benchmark\8x8_obst12\map_8by8_obst12_agents11_ex79.yaml,18.75,11,75,79,12,15,6.37313175201416,0.04585838317871094
.\benchmark\8x8_obst12\map_8by8_obst12_agents11_ex8.yaml,18.75,11,73,74,9,13,5.292073965072632,0.04687666893005371
.\benchmark\8x8_obst12\map_8by8_obst12_agents11_ex83.yaml,18.75,11,67,71,11,11,0.7609624862670898,0.04488086700439453
.\benchmark\8x8_obst12\map_8by8_obst12_agents11_ex9.yaml,18.75,11,56,54,10,10,0.03789925575256348,0.03789949417114258
.\benchmark\8x8_obst12\map_8by8_obst12_agents11_ex91.yaml,18.75,11,72,66,12,10,13.700924158096313,0.03989434242248535
.\benchmark\8x8_obst12\map_8by8_obst12_agents11_ex92.yaml,18.75,11,78,66,11,10,0.10229611396789551,0.03989434242248535
.\benchmark\8x8_obst12\map_8by8_obst12_agents11_ex95.yaml,18.75,11,90,89,11,11,12.783061027526855,0.05283999443054199
.\benchmark\8x8_obst12\map_8by8_obst12_agents11_ex97.yaml,18.75,11,92,94,12,13,6.829881429672241,0.053836822509765625
.\benchmark\8x8_obst12\map_8by8_obst12_agents11_ex99.yaml,18.75,11,75,87,13,16,6.309787750244141,0.04091382026672363
.\benchmark\8x8_obst12\map_8by8_obst12_agents12_ex12.yaml,18.75,12,80,83,11,11,0.9604349136352539,0.05186176300048828
.\benchmark\8x8_obst12\map_8by8_obst12_agents12_ex18.yaml,18.75,12,83,79,12,12,11.623203039169312,0.05684852600097656
.\benchmark\8x8_obst12\map_8by8_obst12_agents12_ex42.yaml,18.75,12,74,78,14,14,4.352465867996216,0.051862239837646484
.\benchmark\8x8_obst12\map_8by8_obst12_agents12_ex6.yaml,18.75,12,80,82,12,12,10.53862452507019,0.049868106842041016
.\benchmark\8x8_obst12\map_8by8_obst12_agents12_ex70.yaml,18.75,12,75,74,11,11,0.5385966300964355,0.06083822250366211
.\benchmark\8x8_obst12\map_8by8_obst12_agents12_ex74.yaml,18.75,12,72,70,12,12,5.168597459793091,0.051862239837646484
.\benchmark\8x8_obst12\map_8by8_obst12_agents12_ex78.yaml,18.75,12,78,81,9,10,0.21243548393249512,0.052863121032714844
.\benchmark\8x8_obst12\map_8by8_obst12_agents12_ex94.yaml,18.75,12,78,79,11,12,0.24233579635620117,0.054854393005371094
.\benchmark\8x8_obst12\map_8by8_obst12_agents12_ex95.yaml,18.75,12,93,95,13,13,6.040051698684692,0.0578460693359375
.\benchmark\8x8_obst12\map_8by8_obst12_agents13_ex63.yaml,18.75,13,81,82,11,11,2.629993438720703,0.05881834030151367
.\benchmark\8x8_obst12\map_8by8_obst12_agents13_ex70.yaml,18.75,13,105,126,11,17,14.848555088043213,0.08776569366455078
.\benchmark\8x8_obst12\map_8by8_obst12_agents16_ex22.yaml,18.75,16,99,104,12,12,4.295573711395264,0.08377385139465332
.\benchmark\8x8_obst12\map_8by8_obst12_agents18_ex31.yaml,18.75,18,91,93,13,11,6.472793340682983,0.09873652458190918
.\benchmark\8x8_obst12\map_8by8_obst12_agents1_ex0.yaml,18.75,1,8,8,8,8,0.000997304916381836,0.0
.\benchmark\8x8_obst12\map_8by8_obst12_agents1_ex1.yaml,18.75,1,6,6,6,6,0.0,0.0
.\benchmark\8x8_obst12\map_8by8_obst12_agents1_ex10.yaml,18.75,1,11,11,11,11,0.003011941909790039,0.0
.\benchmark\8x8_obst12\map_8by8_obst12_agents1_ex11.yaml,18.75,1,6,6,6,6,0.0009763240814208984,0.0009968280792236328
.\benchmark\8x8_obst12\map_8by8_obst12_agents1_ex12.yaml,18.75,1,3,3,3,3,0.0,0.0
.\benchmark\8x8_obst12\map_8by8_obst12_agents1_ex13.yaml,18.75,1,9,9,9,9,0.0,0.0009999275207519531
.\benchmark\8x8_obst12\map_8by8_obst12_agents1_ex14.yaml,18.75,1,8,8,8,8,0.0,0.0009975433349609375
.\benchmark\8x8_obst12\map_8by8_obst12_agents1_ex15.yaml,18.75,1,5,5,5,5,0.0010113716125488281,0.0
.\benchmark\8x8_obst12\map_8by8_obst12_agents1_ex16.yaml,18.75,1,2,2,2,2,0.0010197162628173828,0.0
.\benchmark\8x8_obst12\map_8by8_obst12_agents1_ex17.yaml,18.75,1,5,5,5,5,0.0,0.0010204315185546875
.\benchmark\8x8_obst12\map_8by8_obst12_agents1_ex18.yaml,18.75,1,5,5,5,5,0.0,0.0
.\benchmark\8x8_obst12\map_8by8_obst12_agents1_ex19.yaml,18.75,1,5,5,5,5,0.0009753704071044922,0.0
.\benchmark\8x8_obst12\map_8by8_obst12_agents1_ex2.yaml,18.75,1,9,9,9,9,0.0010180473327636719,0.0
.\benchmark\8x8_obst12\map_8by8_obst12_agents1_ex20.yaml,18.75,1,4,4,4,4,0.0,0.0
.\benchmark\8x8_obst12\map_8by8_obst12_agents1_ex21.yaml,18.75,1,11,11,11,11,0.002991914749145508,0.0
.\benchmark\8x8_obst12\map_8by8_obst12_agents1_ex22.yaml,18.75,1,5,5,5,5,0.0009982585906982422,0.0
.\benchmark\8x8_obst12\map_8by8_obst12_agents1_ex23.yaml,18.75,1,8,8,8,8,0.000997304916381836,0.0009968280792236328
.\benchmark\8x8_obst12\map_8by8_obst12_agents1_ex24.yaml,18.75,1,5,5,5,5,0.0,0.0
.\benchmark\8x8_obst12\map_8by8_obst12_agents1_ex25.yaml,18.75,1,8,8,8,8,0.001994609832763672,0.0009999275207519531
.\benchmark\8x8_obst12\map_8by8_obst12_agents1_ex26.yaml,18.75,1,6,6,6,6,0.0,0.0
.\benchmark\8x8_obst12\map_8by8_obst12_agents1_ex27.yaml,18.75,1,7,7,7,7,0.0,0.0
.\benchmark\8x8_obst12\map_8by8_obst12_agents1_ex28.yaml,18.75,1,3,3,3,3,0.0,0.0
.\benchmark\8x8_obst12\map_8by8_obst12_agents1_ex29.yaml,18.75,1,7,7,7,7,0.000997304916381836,0.0009970664978027344
.\benchmark\8x8_obst12\map_8by8_obst12_agents1_ex3.yaml,18.75,1,13,13,13,13,0.001996278762817383,0.0009965896606445312
.\benchmark\8x8_obst12\map_8by8_obst12_agents1_ex30.yaml,18.75,1,2,2,2,2,0.0,0.0
.\benchmark\8x8_obst12\map_8by8_obst12_agents1_ex31.yaml,18.75,1,15,15,15,15,0.010970354080200195,0.0
.\benchmark\8x8_obst12\map_8by8_obst12_agents1_ex32.yaml,18.75,1,3,3,3,3,0.0,0.0
.\benchmark\8x8_obst12\map_8by8_obst12_agents1_ex33.yaml,18.75,1,8,8,8,8,0.0029921531677246094,0.0
.\benchmark\8x8_obst12\map_8by8_obst12_agents1_ex34.yaml,18.75,1,12,12,12,12,0.002991914749145508,0.0
.\benchmark\8x8_obst12\map_8by8_obst12_agents1_ex35.yaml,18.75,1,10,10,10,10,0.0019867420196533203,0.0009970664978027344
.\benchmark\8x8_obst12\map_8by8_obst12_agents1_ex36.yaml,18.75,1,10,10,10,10,0.0019943714141845703,0.0
.\benchmark\8x8_obst12\map_8by8_obst12_agents1_ex37.yaml,18.75,1,6,6,6,6,0.0009963512420654297,0.0
.\benchmark\8x8_obst12\map_8by8_obst12_agents1_ex38.yaml,18.75,1,6,6,6,6,0.0009963512420654297,0.0
.\benchmark\8x8_obst12\map_8by8_obst12_agents1_ex39.yaml,18.75,1,10,10,10,10,0.0009989738464355469,0.0
.\benchmark\8x8_obst12\map_8by8_obst12_agents1_ex4.yaml,18.75,1,5,5,5,5,0.0,0.0009963512420654297
.\benchmark\8x8_obst12\map_8by8_obst12_agents1_ex40.yaml,18.75,1,10,10,10,10,0.0009970664978027344,0.0010175704956054688
.\benchmark\8x8_obst12\map_8by8_obst12_agents1_ex41.yaml,18.75,1,1,10,1,10,0.0,0.0010175704956054688
.\benchmark\8x8_obst12\map_8by8_obst12_agents1_ex42.yaml,18.75,1,3,3,3,3,0.0,0.0009975433349609375
.\benchmark\8x8_obst12\map_8by8_obst12_agents1_ex43.yaml,18.75,1,7,7,7,7,0.0009968280792236328,0.0009975433349609375
.\benchmark\8x8_obst12\map_8by8_obst12_agents1_ex44.yaml,18.75,1,2,2,2,2,0.0,0.0
.\benchmark\8x8_obst12\map_8by8_obst12_agents1_ex45.yaml,18.75,1,13,13,13,13,0.010991573333740234,0.0009975433349609375
.\benchmark\8x8_obst12\map_8by8_obst12_agents1_ex46.yaml,18.75,1,12,12,12,12,0.004010915756225586,0.0009970664978027344
.\benchmark\8x8_obst12\map_8by8_obst12_agents1_ex47.yaml,18.75,1,5,5,5,5,0.0,0.0
.\benchmark\8x8_obst12\map_8by8_obst12_agents1_ex48.yaml,18.75,1,6,6,6,6,0.0009968280792236328,0.0
.\benchmark\8x8_obst12\map_8by8_obst12_agents1_ex49.yaml,18.75,1,10,10,10,10,0.001989126205444336,0.0
.\benchmark\8x8_obst12\map_8by8_obst12_agents1_ex5.yaml,18.75,1,7,7,7,7,0.0009975433349609375,0.0
.\benchmark\8x8_obst12\map_8by8_obst12_agents1_ex50.yaml,18.75,1,3,3,3,3,0.0,0.0009775161743164062
.\benchmark\8x8_obst12\map_8by8_obst12_agents1_ex51.yaml,18.75,1,7,7,7,7,0.0009953975677490234,0.0
.\benchmark\8x8_obst12\map_8by8_obst12_agents1_ex52.yaml,18.75,1,5,5,5,5,0.0,0.0
.\benchmark\8x8_obst12\map_8by8_obst12_agents1_ex53.yaml,18.75,1,2,2,2,2,0.0009965896606445312,0.0
.\benchmark\8x8_obst12\map_8by8_obst12_agents1_ex54.yaml,18.75,1,3,3,3,3,0.0,0.000997304916381836
.\benchmark\8x8_obst12\map_8by8_obst12_agents1_ex55.yaml,18.75,1,11,11,11,11,0.0009965896606445312,0.0
.\benchmark\8x8_obst12\map_8by8_obst12_agents1_ex56.yaml,18.75,1,9,9,9,9,0.0009768009185791016,0.0009968280792236328
.\benchmark\8x8_obst12\map_8by8_obst12_agents1_ex57.yaml,18.75,1,7,7,7,7,0.001016855239868164,0.0009984970092773438
.\benchmark\8x8_obst12\map_8by8_obst12_agents1_ex58.yaml,18.75,1,6,6,6,6,0.0009968280792236328,0.0
.\benchmark\8x8_obst12\map_8by8_obst12_agents1_ex59.yaml,18.75,1,8,8,8,8,0.0,0.0009970664978027344
.\benchmark\8x8_obst12\map_8by8_obst12_agents1_ex6.yaml,18.75,1,10,10,10,10,0.0020151138305664062,0.0009777545928955078
.\benchmark\8x8_obst12\map_8by8_obst12_agents1_ex60.yaml,18.75,1,4,4,4,4,0.0,0.0
.\benchmark\8x8_obst12\map_8by8_obst12_agents1_ex61.yaml,18.75,1,1,4,1,4,0.0,0.0
.\benchmark\8x8_obst12\map_8by8_obst12_agents1_ex62.yaml,18.75,1,6,6,6,6,0.0,0.0
.\benchmark\8x8_obst12\map_8by8_obst12_agents1_ex63.yaml,18.75,1,7,7,7,7,0.0,0.0
.\benchmark\8x8_obst12\map_8by8_obst12_agents1_ex64.yaml,18.75,1,9,9,9,9,0.0009970664978027344,0.000997304916381836
.\benchmark\8x8_obst12\map_8by8_obst12_agents1_ex65.yaml,18.75,1,2,2,2,2,0.0,0.0
.\benchmark\8x8_obst12\map_8by8_obst12_agents1_ex66.yaml,18.75,1,8,8,8,8,0.0,0.0009968280792236328
.\benchmark\8x8_obst12\map_8by8_obst12_agents1_ex67.yaml,18.75,1,11,11,11,11,0.0019941329956054688,0.0
.\benchmark\8x8_obst12\map_8by8_obst12_agents1_ex68.yaml,18.75,1,9,9,9,9,0.0019943714141845703,0.0009980201721191406
.\benchmark\8x8_obst12\map_8by8_obst12_agents1_ex69.yaml,18.75,1,6,6,6,6,0.0,0.0010099411010742188
.\benchmark\8x8_obst12\map_8by8_obst12_agents1_ex7.yaml,18.75,1,12,12,12,12,0.0009930133819580078,0.000997781753540039
.\benchmark\8x8_obst12\map_8by8_obst12_agents1_ex70.yaml,18.75,1,11,11,11,11,0.0019958019256591797,0.0
.\benchmark\8x8_obst12\map_8by8_obst12_agents1_ex71.yaml,18.75,1,3,3,3,3,0.0,0.0009768009185791016
.\benchmark\8x8_obst12\map_8by8_obst12_agents1_ex72.yaml,18.75,1,15,15,15,15,0.004983425140380859,0.0
.\benchmark\8x8_obst12\map_8by8_obst12_agents1_ex73.yaml,18.75,1,3,3,3,3,0.0,0.0
.\benchmark\8x8_obst12\map_8by8_obst12_agents1_ex74.yaml,18.75,1,10,10,10,10,0.000997304916381836,0.0
.\benchmark\8x8_obst12\map_8by8_obst12_agents1_ex75.yaml,18.75,1,7,7,7,7,0.0009975433349609375,0.0
.\benchmark\8x8_obst12\map_8by8_obst12_agents1_ex76.yaml,18.75,1,10,10,10,10,0.0009772777557373047,0.0009946823120117188
.\benchmark\8x8_obst12\map_8by8_obst12_agents1_ex77.yaml,18.75,1,8,8,8,8,0.0009768009185791016,0.000978231430053711
.\benchmark\8x8_obst12\map_8by8_obst12_agents1_ex78.yaml,18.75,1,6,6,6,6,0.0,0.0009980201721191406
.\benchmark\8x8_obst12\map_8by8_obst12_agents1_ex79.yaml,18.75,1,5,5,5,5,0.0,0.0
.\benchmark\8x8_obst12\map_8by8_obst12_agents1_ex8.yaml,18.75,1,8,8,8,8,0.0009760856628417969,0.000997304916381836
.\benchmark\8x8_obst12\map_8by8_obst12_agents1_ex80.yaml,18.75,1,15,15,15,15,0.0030126571655273438,0.0
.\benchmark\8x8_obst12\map_8by8_obst12_agents1_ex81.yaml,18.75,1,3,3,3,3,0.0,0.0
.\benchmark\8x8_obst12\map_8by8_obst12_agents1_ex82.yaml,18.75,1,4,4,4,4,0.0,0.0
.\benchmark\8x8_obst12\map_8by8_obst12_agents1_ex83.yaml,18.75,1,3,3,3,3,0.0,0.0
.\benchmark\8x8_obst12\map_8by8_obst12_agents1_ex84.yaml,18.75,1,4,4,4,4,0.0,0.001001119613647461
.\benchmark\8x8_obst12\map_8by8_obst12_agents1_ex85.yaml,18.75,1,7,7,7,7,0.0,0.0009970664978027344
.\benchmark\8x8_obst12\map_8by8_obst12_agents1_ex86.yaml,18.75,1,4,4,4,4,0.0,0.0
.\benchmark\8x8_obst12\map_8by8_obst12_agents1_ex87.yaml,18.75,1,9,9,9,9,0.0009999275207519531,0.000997304916381836
.\benchmark\8x8_obst12\map_8by8_obst12_agents1_ex88.yaml,18.75,1,12,12,12,12,0.0019752979278564453,0.0
.\benchmark\8x8_obst12\map_8by8_obst12_agents1_ex89.yaml,18.75,1,6,6,6,6,0.0010175704956054688,0.0
.\benchmark\8x8_obst12\map_8by8_obst12_agents1_ex9.yaml,18.75,1,9,9,9,9,0.0,0.0
.\benchmark\8x8_obst12\map_8by8_obst12_agents1_ex90.yaml,18.75,1,6,6,6,6,0.0009765625,0.0
.\benchmark\8x8_obst12\map_8by8_obst12_agents1_ex91.yaml,18.75,1,7,7,7,7,0.0009975433349609375,0.0009970664978027344
.\benchmark\8x8_obst12\map_8by8_obst12_agents1_ex92.yaml,18.75,1,2,2,2,2,0.0,0.0
.\benchmark\8x8_obst12\map_8by8_obst12_agents1_ex93.yaml,18.75,1,3,3,3,3,0.0,0.0
.\benchmark\8x8_obst12\map_8by8_obst12_agents1_ex94.yaml,18.75,1,12,12,12,12,0.001995086669921875,0.0
.\benchmark\8x8_obst12\map_8by8_obst12_agents1_ex95.yaml,18.75,1,9,9,9,9,0.0019943714141845703,0.0009968280792236328
.\benchmark\8x8_obst12\map_8by8_obst12_agents1_ex96.yaml,18.75,1,9,9,9,9,0.0009970664978027344,0.0009984970092773438
.\benchmark\8x8_obst12\map_8by8_obst12_agents1_ex97.yaml,18.75,1,8,8,8,8,0.0009970664978027344,0.000997304916381836
.\benchmark\8x8_obst12\map_8by8_obst12_agents1_ex98.yaml,18.75,1,4,4,4,4,0.0,0.0
.\benchmark\8x8_obst12\map_8by8_obst12_agents1_ex99.yaml,18.75,1,9,9,9,9,0.0009970664978027344,0.0009975433349609375
.\benchmark\8x8_obst12\map_8by8_obst12_agents2_ex0.yaml,18.75,2,12,10,9,7,0.007958173751831055,0.001992940902709961
.\benchmark\8x8_obst12\map_8by8_obst12_agents2_ex1.yaml,18.75,2,14,14,10,10,0.001990079879760742,0.0029926300048828125
.\benchmark\8x8_obst12\map_8by8_obst12_agents2_ex10.yaml,18.75,2,14,14,11,11,0.002003192901611328,0.0019941329956054688
.\benchmark\8x8_obst12\map_8by8_obst12_agents2_ex11.yaml,18.75,2,12,12,7,7,0.0010173320770263672,0.0019741058349609375
.\benchmark\8x8_obst12\map_8by8_obst12_agents2_ex12.yaml,18.75,2,13,13,7,7,0.000997304916381836,0.001995086669921875
.\benchmark\8x8_obst12\map_8by8_obst12_agents2_ex13.yaml,18.75,2,13,13,9,9,0.0019865036010742188,0.0019953250885009766
.\benchmark\8x8_obst12\map_8by8_obst12_agents2_ex14.yaml,18.75,2,18,18,12,12,0.000997781753540039,0.002016305923461914
.\benchmark\8x8_obst12\map_8by8_obst12_agents2_ex15.yaml,18.75,2,11,11,7,7,0.0009996891021728516,0.0020155906677246094
.\benchmark\8x8_obst12\map_8by8_obst12_agents2_ex16.yaml,18.75,2,7,7,4,4,0.000997781753540039,0.0009984970092773438
.\benchmark\8x8_obst12\map_8by8_obst12_agents2_ex17.yaml,18.75,2,18,18,10,10,0.002991914749145508,0.001993417739868164
.\benchmark\8x8_obst12\map_8by8_obst12_agents2_ex18.yaml,18.75,2,13,13,8,8,0.0009975433349609375,0.0019958019256591797
.\benchmark\8x8_obst12\map_8by8_obst12_agents2_ex19.yaml,18.75,2,14,14,8,8,0.0009899139404296875,0.001980304718017578
.\benchmark\8x8_obst12\map_8by8_obst12_agents2_ex2.yaml,18.75,2,13,13,8,8,0.000978231430053711,0.0019948482513427734
.\benchmark\8x8_obst12\map_8by8_obst12_agents2_ex21.yaml,18.75,2,18,18,14,14,0.0029914379119873047,0.0010173320770263672
.\benchmark\8x8_obst12\map_8by8_obst12_agents2_ex22.yaml,18.75,2,17,17,11,11,0.0049855709075927734,0.0019750595092773438
.\benchmark\8x8_obst12\map_8by8_obst12_agents2_ex23.yaml,18.75,2,12,12,9,9,0.0010287761688232422,0.002015352249145508
.\benchmark\8x8_obst12\map_8by8_obst12_agents2_ex24.yaml,18.75,2,15,15,10,10,0.0009970664978027344,0.002018451690673828
.\benchmark\8x8_obst12\map_8by8_obst12_agents2_ex25.yaml,18.75,2,21,21,11,11,0.002991199493408203,0.0019948482513427734
.\benchmark\8x8_obst12\map_8by8_obst12_agents2_ex26.yaml,18.75,2,13,13,7,7,0.000997304916381836,0.0019953250885009766
.\benchmark\8x8_obst12\map_8by8_obst12_agents2_ex27.yaml,18.75,2,11,11,8,8,0.0,0.0009996891021728516
.\benchmark\8x8_obst12\map_8by8_obst12_agents2_ex28.yaml,18.75,2,22,22,13,13,0.0030121803283691406,0.0029931068420410156
.\benchmark\8x8_obst12\map_8by8_obst12_agents2_ex29.yaml,18.75,2,14,14,10,10,0.00498652458190918,0.001997232437133789
.\benchmark\8x8_obst12\map_8by8_obst12_agents2_ex3.yaml,18.75,2,15,15,10,10,0.0029921531677246094,0.0019969940185546875
.\benchmark\8x8_obst12\map_8by8_obst12_agents2_ex30.yaml,18.75,2,14,14,8,8,0.0010180473327636719,0.0019943714141845703
.\benchmark\8x8_obst12\map_8by8_obst12_agents2_ex31.yaml,18.75,2,17,17,10,10,0.002991199493408203,0.001994609832763672
.\benchmark\8x8_obst12\map_8by8_obst12_agents2_ex32.yaml,18.75,2,21,21,11,11,0.003989219665527344,0.001993894577026367
.\benchmark\8x8_obst12\map_8by8_obst12_agents2_ex33.yaml,18.75,2,20,20,11,11,0.001993894577026367,0.0019943714141845703
.\benchmark\8x8_obst12\map_8by8_obst12_agents2_ex34.yaml,18.75,2,9,9,7,7,0.002992391586303711,0.0009968280792236328
.\benchmark\8x8_obst12\map_8by8_obst12_agents2_ex35.yaml,18.75,2,11,11,8,8,0.0019927024841308594,0.001995086669921875
.\benchmark\8x8_obst12\map_8by8_obst12_agents2_ex36.yaml,18.75,2,9,9,7,7,0.0009965896606445312,0.000997304916381836
.\benchmark\8x8_obst12\map_8by8_obst12_agents2_ex37.yaml,18.75,2,23,23,15,15,0.007977962493896484,0.0039904117584228516
.\benchmark\8x8_obst12\map_8by8_obst12_agents2_ex38.yaml,18.75,2,12,12,6,6,0.0010178089141845703,0.002991914749145508
.\benchmark\8x8_obst12\map_8by8_obst12_agents2_ex39.yaml,18.75,2,15,15,9,9,0.0029926300048828125,0.002992391586303711
.\benchmark\8x8_obst12\map_8by8_obst12_agents2_ex4.yaml,18.75,2,10,10,6,6,0.0009951591491699219,0.0019745826721191406
.\benchmark\8x8_obst12\map_8by8_obst12_agents2_ex40.yaml,18.75,2,15,13,11,9,0.017933130264282227,0.001993894577026367
.\benchmark\8x8_obst12\map_8by8_obst12_agents2_ex41.yaml,18.75,2,11,11,7,7,0.0019958019256591797,0.0019960403442382812
.\benchmark\8x8_obst12\map_8by8_obst12_agents2_ex42.yaml,18.75,2,15,15,8,8,0.000997304916381836,0.00299072265625
.\benchmark\8x8_obst12\map_8by8_obst12_agents2_ex43.yaml,18.75,2,13,13,10,10,0.0009970664978027344,0.002992391586303711
.\benchmark\8x8_obst12\map_8by8_obst12_agents2_ex44.yaml,18.75,2,17,17,11,11,0.0020151138305664062,0.00299072265625
.\benchmark\8x8_obst12\map_8by8_obst12_agents2_ex45.yaml,18.75,2,12,12,7,7,0.03889727592468262,0.001993417739868164
.\benchmark\8x8_obst12\map_8by8_obst12_agents2_ex46.yaml,18.75,2,17,17,12,12,0.003012418746948242,0.001973867416381836
.\benchmark\8x8_obst12\map_8by8_obst12_agents2_ex47.yaml,18.75,2,14,14,7,7,0.0019948482513427734,0.001995563507080078
.\benchmark\8x8_obst12\map_8by8_obst12_agents2_ex48.yaml,18.75,2,12,12,7,7,0.0019948482513427734,0.001974344253540039
.\benchmark\8x8_obst12\map_8by8_obst12_agents2_ex49.yaml,18.75,2,14,14,10,10,0.0019948482513427734,0.0019943714141845703
.\benchmark\8x8_obst12\map_8by8_obst12_agents2_ex5.yaml,18.75,2,13,13,8,8,0.0009968280792236328,0.0020151138305664062
.\benchmark\8x8_obst12\map_8by8_obst12_agents2_ex50.yaml,18.75,2,12,12,7,7,0.0009970664978027344,0.0019936561584472656
.\benchmark\8x8_obst12\map_8by8_obst12_agents2_ex51.yaml,18.75,2,10,10,8,8,0.000997304916381836,0.0020148754119873047
.\benchmark\8x8_obst12\map_8by8_obst12_agents2_ex52.yaml,18.75,2,15,15,9,9,0.000997304916381836,0.0019953250885009766
.\benchmark\8x8_obst12\map_8by8_obst12_agents2_ex53.yaml,18.75,2,16,16,9,9,0.0019941329956054688,0.0020143985748291016
.\benchmark\8x8_obst12\map_8by8_obst12_agents2_ex54.yaml,18.75,2,10,16,9,9,0.0010197162628173828,0.0020143985748291016
.\benchmark\8x8_obst12\map_8by8_obst12_agents2_ex55.yaml,18.75,2,13,13,7,7,0.0029921531677246094,0.0019936561584472656
.\benchmark\8x8_obst12\map_8by8_obst12_agents2_ex56.yaml,18.75,2,12,12,8,8,0.001994609832763672,0.0019953250885009766
.\benchmark\8x8_obst12\map_8by8_obst12_agents2_ex57.yaml,18.75,2,24,24,15,15,0.0029926300048828125,0.002972841262817383
.\benchmark\8x8_obst12\map_8by8_obst12_agents2_ex58.yaml,18.75,2,11,11,6,6,0.000997304916381836,0.001995563507080078
.\benchmark\8x8_obst12\map_8by8_obst12_agents2_ex59.yaml,18.75,2,13,13,8,8,0.000997304916381836,0.001995086669921875
.\benchmark\8x8_obst12\map_8by8_obst12_agents2_ex6.yaml,18.75,2,9,13,8,8,0.0009775161743164062,0.001995086669921875
.\benchmark\8x8_obst12\map_8by8_obst12_agents2_ex60.yaml,18.75,2,10,10,7,7,0.0009963512420654297,0.001994609832763672
.\benchmark\8x8_obst12\map_8by8_obst12_agents2_ex61.yaml,18.75,2,20,20,12,12,0.012984752655029297,0.001973867416381836
.\benchmark\8x8_obst12\map_8by8_obst12_agents2_ex62.yaml,18.75,2,14,14,9,9,0.002989053726196289,0.0019943714141845703
.\benchmark\8x8_obst12\map_8by8_obst12_agents2_ex63.yaml,18.75,2,14,14,9,9,0.000997781753540039,0.001973867416381836
.\benchmark\8x8_obst12\map_8by8_obst12_agents2_ex64.yaml,18.75,2,12,12,7,6,0.0049669742584228516,0.001974821090698242
.\benchmark\8x8_obst12\map_8by8_obst12_agents2_ex65.yaml,18.75,2,7,7,5,5,0.0,0.0009970664978027344
.\benchmark\8x8_obst12\map_8by8_obst12_agents2_ex66.yaml,18.75,2,12,12,7,7,0.0009958744049072266,0.0019941329956054688
.\benchmark\8x8_obst12\map_8by8_obst12_agents2_ex67.yaml,18.75,2,10,10,7,7,0.0010175704956054688,0.000997304916381836
.\benchmark\8x8_obst12\map_8by8_obst12_agents2_ex68.yaml,18.75,2,15,15,10,10,0.0009970664978027344,0.0019979476928710938
.\benchmark\8x8_obst12\map_8by8_obst12_agents2_ex69.yaml,18.75,2,8,15,7,10,0.000997781753540039,0.0019979476928710938
.\benchmark\8x8_obst12\map_8by8_obst12_agents2_ex7.yaml,18.75,2,9,9,7,7,0.0,0.0009946823120117188
.\benchmark\8x8_obst12\map_8by8_obst12_agents2_ex70.yaml,18.75,2,8,8,4,4,0.0,0.001995086669921875
.\benchmark\8x8_obst12\map_8by8_obst12_agents2_ex71.yaml,18.75,2,19,19,10,10,0.0029931068420410156,0.002991914749145508
.\benchmark\8x8_obst12\map_8by8_obst12_agents2_ex72.yaml,18.75,2,12,12,7,7,0.0009982585906982422,0.0009970664978027344
.\benchmark\8x8_obst12\map_8by8_obst12_agents2_ex73.yaml,18.75,2,19,17,13,11,0.013965129852294922,0.002972126007080078
.\benchmark\8x8_obst12\map_8by8_obst12_agents2_ex74.yaml,18.75,2,16,16,9,9,0.0009970664978027344,0.001995086669921875
.\benchmark\8x8_obst12\map_8by8_obst12_agents2_ex75.yaml,18.75,2,17,17,10,10,0.001995563507080078,0.002992391586303711
.\benchmark\8x8_obst12\map_8by8_obst12_agents2_ex76.yaml,18.75,2,8,8,6,6,0.0029938220977783203,0.0009975433349609375
.\benchmark\8x8_obst12\map_8by8_obst12_agents2_ex77.yaml,18.75,2,7,7,4,4,0.001016855239868164,0.0009770393371582031
.\benchmark\8x8_obst12\map_8by8_obst12_agents2_ex78.yaml,18.75,2,16,16,9,9,0.0019941329956054688,0.0019969940185546875
.\benchmark\8x8_obst12\map_8by8_obst12_agents2_ex79.yaml,18.75,2,20,20,14,14,0.003991365432739258,0.0019941329956054688
.\benchmark\8x8_obst12\map_8by8_obst12_agents2_ex8.yaml,18.75,2,13,13,9,9,0.0009970664978027344,0.001981019973754883
.\benchmark\8x8_obst12\map_8by8_obst12_agents2_ex80.yaml,18.75,2,16,16,9,9,0.0039844512939453125,0.0019941329956054688
.\benchmark\8x8_obst12\map_8by8_obst12_agents2_ex81.yaml,18.75,2,11,11,9,9,0.005986690521240234,0.0019936561584472656
.\benchmark\8x8_obst12\map_8by8_obst12_agents2_ex82.yaml,18.75,2,14,14,8,8,0.0009975433349609375,0.0019807815551757812
.\benchmark\8x8_obst12\map_8by8_obst12_agents2_ex83.yaml,18.75,2,13,13,10,10,0.001991748809814453,0.002015352249145508
.\benchmark\8x8_obst12\map_8by8_obst12_agents2_ex84.yaml,18.75,2,20,20,17,17,0.008955240249633789,0.002991914749145508
.\benchmark\8x8_obst12\map_8by8_obst12_agents2_ex85.yaml,18.75,2,19,19,11,11,0.0019953250885009766,0.001995086669921875
.\benchmark\8x8_obst12\map_8by8_obst12_agents2_ex86.yaml,18.75,2,15,15,9,9,0.001993894577026367,0.001993417739868164
.\benchmark\8x8_obst12\map_8by8_obst12_agents2_ex87.yaml,18.75,2,12,12,10,10,0.0019707679748535156,0.0019948482513427734
.\benchmark\8x8_obst12\map_8by8_obst12_agents2_ex88.yaml,18.75,2,13,13,7,7,0.0029921531677246094,0.0019943714141845703
.\benchmark\8x8_obst12\map_8by8_obst12_agents2_ex89.yaml,18.75,2,13,13,8,8,0.0009975433349609375,0.0019943714141845703
.\benchmark\8x8_obst12\map_8by8_obst12_agents2_ex9.yaml,18.75,2,10,10,8,8,0.000997781753540039,0.0009980201721191406
.\benchmark\8x8_obst12\map_8by8_obst12_agents2_ex90.yaml,18.75,2,15,15,10,10,0.002992868423461914,0.001972198486328125
.\benchmark\8x8_obst12\map_8by8_obst12_agents2_ex91.yaml,18.75,2,6,6,4,4,0.0009987354278564453,0.00200653076171875
.\benchmark\8x8_obst12\map_8by8_obst12_agents2_ex92.yaml,18.75,2,12,12,7,7,0.003988504409790039,0.001995563507080078
.\benchmark\8x8_obst12\map_8by8_obst12_agents2_ex93.yaml,18.75,2,7,7,4,4,0.0,0.0019750595092773438
.\benchmark\8x8_obst12\map_8by8_obst12_agents2_ex94.yaml,18.75,2,12,12,8,8,0.0009963512420654297,0.0019965171813964844
.\benchmark\8x8_obst12\map_8by8_obst12_agents2_ex95.yaml,18.75,2,10,10,5,5,0.0009970664978027344,0.001974344253540039
.\benchmark\8x8_obst12\map_8by8_obst12_agents2_ex96.yaml,18.75,2,13,13,11,11,0.003989219665527344,0.001992940902709961
.\benchmark\8x8_obst12\map_8by8_obst12_agents2_ex97.yaml,18.75,2,17,17,10,10,0.0029921531677246094,0.001993894577026367
.\benchmark\8x8_obst12\map_8by8_obst12_agents2_ex98.yaml,18.75,2,18,18,12,12,0.0049860477447509766,0.001993894577026367
.\benchmark\8x8_obst12\map_8by8_obst12_agents2_ex99.yaml,18.75,2,19,19,14,14,0.01094508171081543,0.0029714107513427734
.\benchmark\8x8_obst12\map_8by8_obst12_agents3_ex0.yaml,18.75,3,17,17,8,8,0.0009980201721191406,0.003989219665527344
.\benchmark\8x8_obst12\map_8by8_obst12_agents3_ex1.yaml,18.75,3,14,14,6,6,0.0010175704956054688,0.00399017333984375
.\benchmark\8x8_obst12\map_8by8_obst12_agents3_ex10.yaml,18.75,3,21,19,13,11,0.022938251495361328,0.003989458084106445
.\benchmark\8x8_obst12\map_8by8_obst12_agents3_ex11.yaml,18.75,3,24,24,8,8,0.0019724369049072266,0.003989219665527344
.\benchmark\8x8_obst12\map_8by8_obst12_agents3_ex12.yaml,18.75,3,17,17,8,8,0.005983591079711914,0.003989219665527344
.\benchmark\8x8_obst12\map_8by8_obst12_agents3_ex13.yaml,18.75,3,20,19,9,9,0.01897287368774414,0.003989696502685547
.\benchmark\8x8_obst12\map_8by8_obst12_agents3_ex14.yaml,18.75,3,24,24,10,10,0.001995563507080078,0.004966259002685547
.\benchmark\8x8_obst12\map_8by8_obst12_agents3_ex15.yaml,18.75,3,25,25,9,9,0.001974344253540039,0.004987239837646484
.\benchmark\8x8_obst12\map_8by8_obst12_agents3_ex16.yaml,18.75,3,27,28,11,12,0.003013134002685547,0.004986286163330078
.\benchmark\8x8_obst12\map_8by8_obst12_agents3_ex17.yaml,18.75,3,16,16,8,8,0.000997304916381836,0.0019958019256591797
.\benchmark\8x8_obst12\map_8by8_obst12_agents3_ex19.yaml,18.75,3,26,16,15,8,0.015937328338623047,0.0019958019256591797
.\benchmark\8x8_obst12\map_8by8_obst12_agents3_ex2.yaml,18.75,3,21,21,8,8,0.001973390579223633,0.003972291946411133
.\benchmark\8x8_obst12\map_8by8_obst12_agents3_ex21.yaml,18.75,3,28,27,12,10,0.05385398864746094,0.004988670349121094
.\benchmark\8x8_obst12\map_8by8_obst12_agents3_ex22.yaml,18.75,3,18,18,9,9,0.003989458084106445,0.0029916763305664062
.\benchmark\8x8_obst12\map_8by8_obst12_agents3_ex23.yaml,18.75,3,9,9,3,3,0.0009770393371582031,0.001974821090698242
.\benchmark\8x8_obst12\map_8by8_obst12_agents3_ex24.yaml,18.75,3,13,13,7,7,0.0029947757720947266,0.0029904842376708984
.\benchmark\8x8_obst12\map_8by8_obst12_agents3_ex25.yaml,18.75,3,21,22,8,8,0.001993417739868164,0.005963802337646484
.\benchmark\8x8_obst12\map_8by8_obst12_agents3_ex26.yaml,18.75,3,14,14,6,7,0.0029935836791992188,0.002991914749145508
.\benchmark\8x8_obst12\map_8by8_obst12_agents3_ex27.yaml,18.75,3,14,14,7,7,0.000997304916381836,0.002992868423461914
.\benchmark\8x8_obst12\map_8by8_obst12_agents3_ex28.yaml,18.75,3,21,21,12,12,0.00696110725402832,0.0049860477447509766
.\benchmark\8x8_obst12\map_8by8_obst12_agents3_ex29.yaml,18.75,3,14,14,6,6,0.0009768009185791016,0.0029931068420410156
.\benchmark\8x8_obst12\map_8by8_obst12_agents3_ex3.yaml,18.75,3,16,16,6,6,0.0009765625,0.0029914379119873047
.\benchmark\8x8_obst12\map_8by8_obst12_agents3_ex30.yaml,18.75,3,26,28,10,11,0.025911569595336914,0.004987239837646484
.\benchmark\8x8_obst12\map_8by8_obst12_agents3_ex31.yaml,18.75,3,20,18,11,9,0.018972158432006836,0.003966093063354492
.\benchmark\8x8_obst12\map_8by8_obst12_agents3_ex32.yaml,18.75,3,29,29,13,13,0.003987550735473633,0.005984067916870117
.\benchmark\8x8_obst12\map_8by8_obst12_agents3_ex33.yaml,18.75,3,21,21,11,11,0.0029935836791992188,0.0029921531677246094
.\benchmark\8x8_obst12\map_8by8_obst12_agents3_ex34.yaml,18.75,3,19,19,8,8,0.0009980201721191406,0.003989219665527344
.\benchmark\8x8_obst12\map_8by8_obst12_agents3_ex35.yaml,18.75,3,27,27,12,12,0.008971929550170898,0.004987001419067383
.\benchmark\8x8_obst12\map_8by8_obst12_agents3_ex36.yaml,18.75,3,13,27,9,12,0.0,0.004987001419067383
.\benchmark\8x8_obst12\map_8by8_obst12_agents3_ex37.yaml,18.75,3,15,15,6,6,0.0009984970092773438,0.0039904117584228516
.\benchmark\8x8_obst12\map_8by8_obst12_agents3_ex38.yaml,18.75,3,24,24,15,15,0.03789806365966797,0.0029954910278320312
.\benchmark\8x8_obst12\map_8by8_obst12_agents3_ex39.yaml,18.75,3,18,19,7,7,0.0009980201721191406,0.004009246826171875
.\benchmark\8x8_obst12\map_8by8_obst12_agents3_ex4.yaml,18.75,3,28,28,11,11,0.003989458084106445,0.00498652458190918
.\benchmark\8x8_obst12\map_8by8_obst12_agents3_ex40.yaml,18.75,3,29,29,11,11,0.0029916763305664062,0.004985809326171875
.\benchmark\8x8_obst12\map_8by8_obst12_agents3_ex41.yaml,18.75,3,28,28,13,13,0.021943330764770508,0.003989219665527344
.\benchmark\8x8_obst12\map_8by8_obst12_agents3_ex42.yaml,18.75,3,18,18,8,8,0.000997304916381836,0.0035843849182128906
.\benchmark\8x8_obst12\map_8by8_obst12_agents3_ex43.yaml,18.75,3,25,25,9,9,0.0029921531677246094,0.003989458084106445
.\benchmark\8x8_obst12\map_8by8_obst12_agents3_ex44.yaml,18.75,3,23,23,11,11,0.001994609832763672,0.00500941276550293
.\benchmark\8x8_obst12\map_8by8_obst12_agents3_ex45.yaml,18.75,3,20,20,13,13,0.002991199493408203,0.0029926300048828125
.\benchmark\8x8_obst12\map_8by8_obst12_agents3_ex46.yaml,18.75,3,15,20,9,13,0.0009965896606445312,0.0029926300048828125
.\benchmark\8x8_obst12\map_8by8_obst12_agents3_ex47.yaml,18.75,3,22,22,11,11,0.006979703903198242,0.003989219665527344
.\benchmark\8x8_obst12\map_8by8_obst12_agents3_ex48.yaml,18.75,3,30,30,11,12,0.027925491333007812,0.005005836486816406
.\benchmark\8x8_obst12\map_8by8_obst12_agents3_ex49.yaml,18.75,3,18,18,8,8,0.002019643783569336,0.0039904117584228516
.\benchmark\8x8_obst12\map_8by8_obst12_agents3_ex5.yaml,18.75,3,9,9,4,4,0.0,0.0029726028442382812
.\benchmark\8x8_obst12\map_8by8_obst12_agents3_ex50.yaml,18.75,3,19,19,8,8,0.000997304916381836,0.00399470329284668
.\benchmark\8x8_obst12\map_8by8_obst12_agents3_ex51.yaml,18.75,3,23,23,10,10,0.0059850215911865234,0.005005836486816406
.\benchmark\8x8_obst12\map_8by8_obst12_agents3_ex52.yaml,18.75,3,27,27,12,12,0.004987239837646484,0.00498652458190918
.\benchmark\8x8_obst12\map_8by8_obst12_agents3_ex53.yaml,18.75,3,26,26,13,13,0.008955955505371094,0.005982637405395508
.\benchmark\8x8_obst12\map_8by8_obst12_agents3_ex54.yaml,18.75,3,20,20,10,10,0.003968954086303711,0.004984140396118164
.\benchmark\8x8_obst12\map_8by8_obst12_agents3_ex55.yaml,18.75,3,26,33,10,18,0.007978677749633789,0.003970146179199219
.\benchmark\8x8_obst12\map_8by8_obst12_agents3_ex56.yaml,18.75,3,21,21,9,9,0.002989053726196289,0.003988981246948242
.\benchmark\8x8_obst12\map_8by8_obst12_agents3_ex57.yaml,18.75,3,18,18,10,10,0.000997304916381836,0.002992391586303711
.\benchmark\8x8_obst12\map_8by8_obst12_agents3_ex58.yaml,18.75,3,25,25,10,10,0.008484601974487305,0.004985809326171875
.\benchmark\8x8_obst12\map_8by8_obst12_agents3_ex59.yaml,18.75,3,19,19,8,8,0.0009970664978027344,0.002996206283569336
.\benchmark\8x8_obst12\map_8by8_obst12_agents3_ex6.yaml,18.75,3,19,19,10,10,0.001991748809814453,0.003966808319091797
.\benchmark\8x8_obst12\map_8by8_obst12_agents3_ex60.yaml,18.75,3,13,13,7,7,0.0009953975677490234,0.002991199493408203
.\benchmark\8x8_obst12\map_8by8_obst12_agents3_ex61.yaml,18.75,3,26,26,11,11,0.002992868423461914,0.004986763000488281
.\benchmark\8x8_obst12\map_8by8_obst12_agents3_ex62.yaml,18.75,3,21,21,10,10,0.0020024776458740234,0.004990577697753906
.\benchmark\8x8_obst12\map_8by8_obst12_agents3_ex63.yaml,18.75,3,21,21,10,10,0.011947870254516602,0.0039904117584228516
.\benchmark\8x8_obst12\map_8by8_obst12_agents3_ex64.yaml,18.75,3,15,15,6,6,0.0029900074005126953,0.0039844512939453125
.\benchmark\8x8_obst12\map_8by8_obst12_agents3_ex65.yaml,18.75,3,23,23,10,10,0.001994609832763672,0.003989458084106445
.\benchmark\8x8_obst12\map_8by8_obst12_agents3_ex66.yaml,18.75,3,19,19,8,8,0.0009963512420654297,0.003988504409790039
.\benchmark\8x8_obst12\map_8by8_obst12_agents3_ex67.yaml,18.75,3,24,24,11,11,0.0029921531677246094,0.004987001419067383
.\benchmark\8x8_obst12\map_8by8_obst12_agents3_ex68.yaml,18.75,3,23,23,10,10,0.001994609832763672,0.004985332489013672
.\benchmark\8x8_obst12\map_8by8_obst12_agents3_ex69.yaml,18.75,3,15,15,10,10,0.003991842269897461,0.0029685497283935547
.\benchmark\8x8_obst12\map_8by8_obst12_agents3_ex7.yaml,18.75,3,14,14,5,5,0.000997304916381836,0.0029931068420410156
.\benchmark\8x8_obst12\map_8by8_obst12_agents3_ex70.yaml,18.75,3,21,23,10,10,0.019947528839111328,0.00496673583984375
.\benchmark\8x8_obst12\map_8by8_obst12_agents3_ex71.yaml,18.75,3,33,31,14,12,0.14561200141906738,0.005983114242553711
.\benchmark\8x8_obst12\map_8by8_obst12_agents3_ex72.yaml,18.75,3,23,22,12,12,0.03390836715698242,0.003989458084106445
.\benchmark\8x8_obst12\map_8by8_obst12_agents3_ex73.yaml,18.75,3,20,20,10,10,0.00598454475402832,0.004987478256225586
.\benchmark\8x8_obst12\map_8by8_obst12_agents3_ex74.yaml,18.75,3,22,22,9,9,0.000997781753540039,0.003988981246948242
.\benchmark\8x8_obst12\map_8by8_obst12_agents3_ex75.yaml,18.75,3,8,8,3,3,0.0009965896606445312,0.001973867416381836
.\benchmark\8x8_obst12\map_8by8_obst12_agents3_ex76.yaml,18.75,3,14,14,9,9,0.0019948482513427734,0.003989219665527344
.\benchmark\8x8_obst12\map_8by8_obst12_agents3_ex77.yaml,18.75,3,11,11,4,4,0.0009975433349609375,0.0019936561584472656
.\benchmark\8x8_obst12\map_8by8_obst12_agents3_ex78.yaml,18.75,3,20,20,9,9,0.0009975433349609375,0.004988193511962891
.\benchmark\8x8_obst12\map_8by8_obst12_agents3_ex79.yaml,18.75,3,22,23,9,9,0.028923988342285156,0.003989696502685547
.\benchmark\8x8_obst12\map_8by8_obst12_agents3_ex8.yaml,18.75,3,19,17,11,9,0.008955001831054688,0.003989219665527344
.\benchmark\8x8_obst12\map_8by8_obst12_agents3_ex80.yaml,18.75,3,17,17,8,8,0.0029926300048828125,0.002991914749145508
.\benchmark\8x8_obst12\map_8by8_obst12_agents3_ex81.yaml,18.75,3,18,16,11,9,0.016954421997070312,0.002990245819091797
.\benchmark\8x8_obst12\map_8by8_obst12_agents3_ex82.yaml,18.75,3,21,21,8,8,0.0019948482513427734,0.0029921531677246094
.\benchmark\8x8_obst12\map_8by8_obst12_agents3_ex83.yaml,18.75,3,25,25,13,13,0.008976221084594727,0.0055391788482666016
.\benchmark\8x8_obst12\map_8by8_obst12_agents3_ex84.yaml,18.75,3,19,20,8,8,0.0009968280792236328,0.003989219665527344
.\benchmark\8x8_obst12\map_8by8_obst12_agents3_ex85.yaml,18.75,3,26,26,13,13,0.011947870254516602,0.0039708614349365234
.\benchmark\8x8_obst12\map_8by8_obst12_agents3_ex86.yaml,18.75,3,24,24,10,10,0.0019969940185546875,0.005983829498291016
.\benchmark\8x8_obst12\map_8by8_obst12_agents3_ex87.yaml,18.75,3,28,28,12,12,0.005984306335449219,0.00598597526550293
.\benchmark\8x8_obst12\map_8by8_obst12_agents3_ex88.yaml,18.75,3,21,21,10,10,0.001995563507080078,0.003989458084106445
.\benchmark\8x8_obst12\map_8by8_obst12_agents3_ex89.yaml,18.75,3,29,29,13,13,0.009974241256713867,0.0049669742584228516
.\benchmark\8x8_obst12\map_8by8_obst12_agents3_ex9.yaml,18.75,3,19,19,8,8,0.001995086669921875,0.003991365432739258
.\benchmark\8x8_obst12\map_8by8_obst12_agents3_ex90.yaml,18.75,3,22,22,10,10,0.002992868423461914,0.0039899349212646484
.\benchmark\8x8_obst12\map_8by8_obst12_agents3_ex91.yaml,18.75,3,18,19,7,8,0.006981611251831055,0.003969907760620117
.\benchmark\8x8_obst12\map_8by8_obst12_agents3_ex92.yaml,18.75,3,13,13,6,6,0.000997781753540039,0.002990245819091797
.\benchmark\8x8_obst12\map_8by8_obst12_agents3_ex93.yaml,18.75,3,26,24,12,10,0.02892327308654785,0.003988981246948242
.\benchmark\8x8_obst12\map_8by8_obst12_agents3_ex94.yaml,18.75,3,23,23,10,10,0.01096963882446289,0.003988742828369141
.\benchmark\8x8_obst12\map_8by8_obst12_agents3_ex95.yaml,18.75,3,30,28,14,14,0.05684971809387207,0.004990339279174805
.\benchmark\8x8_obst12\map_8by8_obst12_agents3_ex96.yaml,18.75,3,27,27,10,10,0.0069811344146728516,0.004986286163330078
.\benchmark\8x8_obst12\map_8by8_obst12_agents3_ex97.yaml,18.75,3,11,11,5,5,0.0,0.0029709339141845703
.\benchmark\8x8_obst12\map_8by8_obst12_agents3_ex98.yaml,18.75,3,15,15,7,7,0.0029952526092529297,0.0039899349212646484
.\benchmark\8x8_obst12\map_8by8_obst12_agents3_ex99.yaml,18.75,3,20,20,8,8,0.0009970664978027344,0.003968954086303711
.\benchmark\8x8_obst12\map_8by8_obst12_agents4_ex0.yaml,18.75,4,26,27,9,9,0.0019943714141845703,0.006981611251831055
.\benchmark\8x8_obst12\map_8by8_obst12_agents4_ex1.yaml,18.75,4,30,30,10,10,0.0029954910278320312,0.007978677749633789
.\benchmark\8x8_obst12\map_8by8_obst12_agents4_ex11.yaml,18.75,4,25,24,8,8,0.03191518783569336,0.004967212677001953
.\benchmark\8x8_obst12\map_8by8_obst12_agents4_ex12.yaml,18.75,4,35,35,10,10,0.003989219665527344,0.007956266403198242
.\benchmark\8x8_obst12\map_8by8_obst12_agents4_ex13.yaml,18.75,4,35,35,15,15,0.04488182067871094,0.006979465484619141
.\benchmark\8x8_obst12\map_8by8_obst12_agents4_ex14.yaml,18.75,4,30,30,11,11,0.0019936561584472656,0.007958650588989258
.\benchmark\8x8_obst12\map_8by8_obst12_agents4_ex15.yaml,18.75,4,35,33,10,10,0.27780723571777344,0.007957696914672852
.\benchmark\8x8_obst12\map_8by8_obst12_agents4_ex16.yaml,18.75,4,25,25,8,8,0.006981372833251953,0.006983041763305664
.\benchmark\8x8_obst12\map_8by8_obst12_agents4_ex18.yaml,18.75,4,24,24,14,14,0.04488062858581543,0.005984306335449219
.\benchmark\8x8_obst12\map_8by8_obst12_agents4_ex19.yaml,18.75,4,28,28,10,10,0.0029904842376708984,0.006980419158935547
.\benchmark\8x8_obst12\map_8by8_obst12_agents4_ex2.yaml,18.75,4,39,39,12,12,0.033911705017089844,0.009954214096069336
.\benchmark\8x8_obst12\map_8by8_obst12_agents4_ex20.yaml,18.75,4,38,39,10,10,0.03490614891052246,0.009972333908081055
.\benchmark\8x8_obst12\map_8by8_obst12_agents4_ex23.yaml,18.75,4,31,31,10,10,0.012964963912963867,0.007959127426147461
.\benchmark\8x8_obst12\map_8by8_obst12_agents4_ex24.yaml,18.75,4,16,16,4,4,0.0009925365447998047,0.00496673583984375
.\benchmark\8x8_obst12\map_8by8_obst12_agents4_ex25.yaml,18.75,4,37,37,17,17,0.06480765342712402,0.008463382720947266
.\benchmark\8x8_obst12\map_8by8_obst12_agents4_ex26.yaml,18.75,4,29,30,9,9,0.0020170211791992188,0.006003856658935547
.\benchmark\8x8_obst12\map_8by8_obst12_agents4_ex27.yaml,18.75,4,27,25,10,10,0.09973406791687012,0.006981372833251953
.\benchmark\8x8_obst12\map_8by8_obst12_agents4_ex28.yaml,18.75,4,26,22,11,9,0.05482983589172363,0.00698089599609375
.\benchmark\8x8_obst12\map_8by8_obst12_agents4_ex29.yaml,18.75,4,31,31,11,11,0.009948492050170898,0.007978439331054688
.\benchmark\8x8_obst12\map_8by8_obst12_agents4_ex3.yaml,18.75,4,32,32,13,13,0.015957117080688477,0.007978677749633789
.\benchmark\8x8_obst12\map_8by8_obst12_agents4_ex32.yaml,18.75,4,25,25,9,9,0.0019948482513427734,0.007953882217407227
.\benchmark\8x8_obst12\map_8by8_obst12_agents4_ex33.yaml,18.75,4,23,24,10,10,0.005982875823974609,0.005959272384643555
.\benchmark\8x8_obst12\map_8by8_obst12_agents4_ex34.yaml,18.75,4,32,32,9,9,0.011947154998779297,0.00797891616821289
.\benchmark\8x8_obst12\map_8by8_obst12_agents4_ex35.yaml,18.75,4,24,24,9,9,0.01196742057800293,0.006984233856201172
.\benchmark\8x8_obst12\map_8by8_obst12_agents4_ex36.yaml,18.75,4,26,27,9,9,0.015976667404174805,0.00598454475402832
.\benchmark\8x8_obst12\map_8by8_obst12_agents4_ex37.yaml,18.75,4,32,30,10,10,0.032889366149902344,0.006982326507568359
.\benchmark\8x8_obst12\map_8by8_obst12_agents4_ex38.yaml,18.75,4,21,19,14,12,0.026927947998046875,0.006981611251831055
.\benchmark\8x8_obst12\map_8by8_obst12_agents4_ex39.yaml,18.75,4,27,25,9,7,0.06382918357849121,0.007982730865478516
.\benchmark\8x8_obst12\map_8by8_obst12_agents4_ex4.yaml,18.75,4,39,40,14,14,0.05833077430725098,0.009953737258911133
.\benchmark\8x8_obst12\map_8by8_obst12_agents4_ex40.yaml,18.75,4,38,38,12,12,0.03692221641540527,0.007957696914672852
.\benchmark\8x8_obst12\map_8by8_obst12_agents4_ex41.yaml,18.75,4,21,21,7,7,0.005008220672607422,0.005984306335449219
.\benchmark\8x8_obst12\map_8by8_obst12_agents4_ex42.yaml,18.75,4,42,42,16,16,0.005987405776977539,0.010970592498779297
.\benchmark\8x8_obst12\map_8by8_obst12_agents4_ex43.yaml,18.75,4,15,15,7,7,0.0010004043579101562,0.004987001419067383
.\benchmark\8x8_obst12\map_8by8_obst12_agents4_ex44.yaml,18.75,4,29,29,11,11,0.008996963500976562,0.005983591079711914
.\benchmark\8x8_obst12\map_8by8_obst12_agents4_ex45.yaml,18.75,4,21,22,7,8,0.003989458084106445,0.005963325500488281
.\benchmark\8x8_obst12\map_8by8_obst12_agents4_ex46.yaml,18.75,4,39,39,12,12,0.019966602325439453,0.009974479675292969
.\benchmark\8x8_obst12\map_8by8_obst12_agents4_ex47.yaml,18.75,4,23,24,7,7,0.0009961128234863281,0.006981372833251953
.\benchmark\8x8_obst12\map_8by8_obst12_agents4_ex48.yaml,18.75,4,30,30,11,11,0.022938013076782227,0.006981849670410156
.\benchmark\8x8_obst12\map_8by8_obst12_agents4_ex49.yaml,18.75,4,21,21,7,7,0.0019953250885009766,0.004967451095581055
.\benchmark\8x8_obst12\map_8by8_obst12_agents4_ex5.yaml,18.75,4,22,22,9,9,0.006980419158935547,0.004987478256225586
.\benchmark\8x8_obst12\map_8by8_obst12_agents4_ex50.yaml,18.75,4,37,37,13,13,0.7524828910827637,0.009971857070922852
.\benchmark\8x8_obst12\map_8by8_obst12_agents4_ex51.yaml,18.75,4,24,24,11,11,0.025931358337402344,0.006958484649658203
.\benchmark\8x8_obst12\map_8by8_obst12_agents4_ex53.yaml,18.75,4,30,30,13,13,0.005007266998291016,0.0069806575775146484
.\benchmark\8x8_obst12\map_8by8_obst12_agents4_ex54.yaml,18.75,4,20,20,9,9,0.005964517593383789,0.0069539546966552734
.\benchmark\8x8_obst12\map_8by8_obst12_agents4_ex55.yaml,18.75,4,17,20,10,9,0.004987001419067383,0.0069539546966552734
.\benchmark\8x8_obst12\map_8by8_obst12_agents4_ex57.yaml,18.75,4,21,21,7,7,0.000997304916381836,0.005964040756225586
.\benchmark\8x8_obst12\map_8by8_obst12_agents4_ex58.yaml,18.75,4,27,28,9,9,0.002015352249145508,0.006979703903198242
.\benchmark\8x8_obst12\map_8by8_obst12_agents4_ex59.yaml,18.75,4,18,18,6,6,0.003989458084106445,0.005984067916870117
.\benchmark\8x8_obst12\map_8by8_obst12_agents4_ex6.yaml,18.75,4,30,31,8,9,0.003989219665527344,0.007999420166015625
.\benchmark\8x8_obst12\map_8by8_obst12_agents4_ex60.yaml,18.75,4,37,37,11,10,0.04087042808532715,0.00897669792175293
.\benchmark\8x8_obst12\map_8by8_obst12_agents4_ex61.yaml,18.75,4,28,29,11,12,0.01795172691345215,0.00797891616821289
.\benchmark\8x8_obst12\map_8by8_obst12_agents4_ex62.yaml,18.75,4,20,20,9,9,0.002992868423461914,0.0059854984283447266
.\benchmark\8x8_obst12\map_8by8_obst12_agents4_ex63.yaml,18.75,4,38,39,13,13,0.02393507957458496,0.008980035781860352
.\benchmark\8x8_obst12\map_8by8_obst12_agents4_ex64.yaml,18.75,4,28,28,9,9,0.008986234664916992,0.007978439331054688
.\benchmark\8x8_obst12\map_8by8_obst12_agents4_ex66.yaml,18.75,4,30,30,9,9,0.01795339584350586,0.007957935333251953
.\benchmark\8x8_obst12\map_8by8_obst12_agents4_ex67.yaml,18.75,4,40,40,14,14,0.0438838005065918,0.009973287582397461
.\benchmark\8x8_obst12\map_8by8_obst12_agents4_ex68.yaml,18.75,4,24,24,8,8,0.004986286163330078,0.0069811344146728516
.\benchmark\8x8_obst12\map_8by8_obst12_agents4_ex69.yaml,18.75,4,20,21,10,11,0.0009965896606445312,0.004986763000488281
.\benchmark\8x8_obst12\map_8by8_obst12_agents4_ex7.yaml,18.75,4,29,29,9,9,0.002991914749145508,0.007003307342529297
.\benchmark\8x8_obst12\map_8by8_obst12_agents4_ex70.yaml,18.75,4,37,36,13,14,0.0688173770904541,0.06491374969482422
.\benchmark\8x8_obst12\map_8by8_obst12_agents4_ex71.yaml,18.75,4,29,29,11,11,0.009970903396606445,0.007978200912475586
.\benchmark\8x8_obst12\map_8by8_obst12_agents4_ex72.yaml,18.75,4,20,20,7,7,0.008955240249633789,0.00597834587097168
.\benchmark\8x8_obst12\map_8by8_obst12_agents4_ex73.yaml,18.75,4,31,32,10,10,0.009973526000976562,0.00897359848022461
.\benchmark\8x8_obst12\map_8by8_obst12_agents4_ex74.yaml,18.75,4,24,24,9,9,0.0119476318359375,0.00696110725402832
.\benchmark\8x8_obst12\map_8by8_obst12_agents4_ex75.yaml,18.75,4,32,30,10,9,0.06582355499267578,0.006981372833251953
.\benchmark\8x8_obst12\map_8by8_obst12_agents4_ex76.yaml,18.75,4,32,31,10,9,0.08577203750610352,0.006981372833251953
.\benchmark\8x8_obst12\map_8by8_obst12_agents4_ex77.yaml,18.75,4,31,31,11,9,0.037899017333984375,0.007956981658935547
.\benchmark\8x8_obst12\map_8by8_obst12_agents4_ex78.yaml,18.75,4,23,24,8,7,0.007980108261108398,0.0059850215911865234
.\benchmark\8x8_obst12\map_8by8_obst12_agents4_ex79.yaml,18.75,4,25,25,8,8,0.0020143985748291016,0.0069811344146728516
.\benchmark\8x8_obst12\map_8by8_obst12_agents4_ex8.yaml,18.75,4,33,33,12,12,0.014942169189453125,0.0069615840911865234
.\benchmark\8x8_obst12\map_8by8_obst12_agents4_ex80.yaml,18.75,4,25,26,7,9,0.004987001419067383,0.005984306335449219
.\benchmark\8x8_obst12\map_8by8_obst12_agents4_ex81.yaml,18.75,4,40,41,12,12,0.01894664764404297,0.007982015609741211
.\benchmark\8x8_obst12\map_8by8_obst12_agents4_ex82.yaml,18.75,4,30,31,9,11,0.028922557830810547,0.006981372833251953
.\benchmark\8x8_obst12\map_8by8_obst12_agents4_ex83.yaml,18.75,4,27,28,10,10,0.00997304916381836,0.007000446319580078
.\benchmark\8x8_obst12\map_8by8_obst12_agents4_ex85.yaml,18.75,4,34,34,14,14,0.3371012210845947,0.006981611251831055
.\benchmark\8x8_obst12\map_8by8_obst12_agents4_ex86.yaml,18.75,4,35,35,13,13,0.020943880081176758,0.0069811344146728516
.\benchmark\8x8_obst12\map_8by8_obst12_agents4_ex88.yaml,18.75,4,25,25,8,9,0.0069887638092041016,0.006982326507568359
.\benchmark\8x8_obst12\map_8by8_obst12_agents4_ex89.yaml,18.75,4,35,35,12,12,0.019966840744018555,0.007959365844726562
.\benchmark\8x8_obst12\map_8by8_obst12_agents4_ex90.yaml,18.75,4,29,29,11,11,0.008975982666015625,0.007001161575317383
.\benchmark\8x8_obst12\map_8by8_obst12_agents4_ex91.yaml,18.75,4,31,29,11,11,0.03289604187011719,0.007001161575317383
.\benchmark\8x8_obst12\map_8by8_obst12_agents4_ex92.yaml,18.75,4,34,31,12,10,0.5666496753692627,0.007956743240356445
.\benchmark\8x8_obst12\map_8by8_obst12_agents4_ex93.yaml,18.75,4,23,23,8,8,0.0019948482513427734,0.005972385406494141
.\benchmark\8x8_obst12\map_8by8_obst12_agents4_ex94.yaml,18.75,4,18,18,7,7,0.0019948482513427734,0.00598454475402832
.\benchmark\8x8_obst12\map_8by8_obst12_agents4_ex95.yaml,18.75,4,29,27,10,8,0.029920578002929688,0.006958961486816406
.\benchmark\8x8_obst12\map_8by8_obst12_agents4_ex96.yaml,18.75,4,19,19,10,10,0.001975536346435547,0.004987239837646484
.\benchmark\8x8_obst12\map_8by8_obst12_agents4_ex97.yaml,18.75,4,25,27,12,13,0.026949167251586914,0.005983829498291016
.\benchmark\8x8_obst12\map_8by8_obst12_agents4_ex98.yaml,18.75,4,21,21,10,10,0.0010030269622802734,0.006982088088989258
.\benchmark\8x8_obst12\map_8by8_obst12_agents4_ex99.yaml,18.75,4,30,30,12,11,0.024953126907348633,0.005984067916870117
.\benchmark\8x8_obst12\map_8by8_obst12_agents5_ex0.yaml,18.75,5,31,31,8,8,0.014960289001464844,0.009953975677490234
.\benchmark\8x8_obst12\map_8by8_obst12_agents5_ex1.yaml,18.75,5,40,38,11,11,0.15842938423156738,0.012965679168701172
.\benchmark\8x8_obst12\map_8by8_obst12_agents5_ex10.yaml,18.75,5,42,40,13,11,0.13681697845458984,0.012965202331542969
.\benchmark\8x8_obst12\map_8by8_obst12_agents5_ex11.yaml,18.75,5,26,26,11,11,0.0029916763305664062,0.007001161575317383
.\benchmark\8x8_obst12\map_8by8_obst12_agents5_ex12.yaml,18.75,5,34,34,9,9,0.018948793411254883,0.010970354080200195
.\benchmark\8x8_obst12\map_8by8_obst12_agents5_ex13.yaml,18.75,5,30,30,12,12,0.004987955093383789,0.007983207702636719
.\benchmark\8x8_obst12\map_8by8_obst12_agents5_ex14.yaml,18.75,5,28,28,11,11,0.02790379524230957,0.008974790573120117
.\benchmark\8x8_obst12\map_8by8_obst12_agents5_ex15.yaml,18.75,5,31,31,10,10,0.015958070755004883,0.009972810745239258
.\benchmark\8x8_obst12\map_8by8_obst12_agents5_ex16.yaml,18.75,5,32,32,12,12,0.003988981246948242,0.011967897415161133
.\benchmark\8x8_obst12\map_8by8_obst12_agents5_ex17.yaml,18.75,5,26,26,9,9,0.001993894577026367,0.009994268417358398
.\benchmark\8x8_obst12\map_8by8_obst12_agents5_ex18.yaml,18.75,5,43,41,11,11,0.506005048751831,0.011985540390014648
.\benchmark\8x8_obst12\map_8by8_obst12_agents5_ex19.yaml,18.75,5,37,38,12,13,0.015952348709106445,0.01196742057800293
.\benchmark\8x8_obst12\map_8by8_obst12_agents5_ex2.yaml,18.75,5,30,30,12,12,0.01595902442932129,0.008977174758911133
.\benchmark\8x8_obst12\map_8by8_obst12_agents5_ex20.yaml,18.75,5,25,25,8,8,0.009973764419555664,0.007978677749633789
.\benchmark\8x8_obst12\map_8by8_obst12_agents5_ex21.yaml,18.75,5,20,25,8,8,0.0010197162628173828,0.007978677749633789
.\benchmark\8x8_obst12\map_8by8_obst12_agents5_ex23.yaml,18.75,5,35,35,10,10,0.018949508666992188,0.010970354080200195
.\benchmark\8x8_obst12\map_8by8_obst12_agents5_ex24.yaml,18.75,5,36,38,13,13,0.030918598175048828,0.009973526000976562
.\benchmark\8x8_obst12\map_8by8_obst12_agents5_ex25.yaml,18.75,5,32,32,9,9,0.042885780334472656,0.00897669792175293
.\benchmark\8x8_obst12\map_8by8_obst12_agents5_ex26.yaml,18.75,5,39,39,12,12,0.00400996208190918,0.009973287582397461
.\benchmark\8x8_obst12\map_8by8_obst12_agents5_ex27.yaml,18.75,5,31,31,9,9,0.07677555084228516,0.010972738265991211
.\benchmark\8x8_obst12\map_8by8_obst12_agents5_ex28.yaml,18.75,5,38,40,14,14,0.0359036922454834,0.011969566345214844
.\benchmark\8x8_obst12\map_8by8_obst12_agents5_ex3.yaml,18.75,5,44,44,15,15,0.043884992599487305,0.011968135833740234
.\benchmark\8x8_obst12\map_8by8_obst12_agents5_ex30.yaml,18.75,5,40,50,11,13,0.16956877708435059,0.012984752655029297
.\benchmark\8x8_obst12\map_8by8_obst12_agents5_ex31.yaml,18.75,5,42,42,12,12,0.0029921531677246094,0.010971784591674805
.\benchmark\8x8_obst12\map_8by8_obst12_agents5_ex33.yaml,18.75,5,37,35,16,16,1.819164752960205,0.008975744247436523
.\benchmark\8x8_obst12\map_8by8_obst12_agents5_ex34.yaml,18.75,5,49,43,18,16,0.8591659069061279,0.01296544075012207
.\benchmark\8x8_obst12\map_8by8_obst12_agents5_ex35.yaml,18.75,5,37,37,14,14,0.11168169975280762,0.011948108673095703
.\benchmark\8x8_obst12\map_8by8_obst12_agents5_ex36.yaml,18.75,5,22,22,7,7,0.0009982585906982422,0.0069828033447265625
.\benchmark\8x8_obst12\map_8by8_obst12_agents5_ex39.yaml,18.75,5,22,22,5,5,0.0019958019256591797,0.006960868835449219
.\benchmark\8x8_obst12\map_8by8_obst12_agents5_ex4.yaml,18.75,5,34,34,8,8,0.0029921531677246094,0.010951042175292969
.\benchmark\8x8_obst12\map_8by8_obst12_agents5_ex40.yaml,18.75,5,34,35,12,12,0.013962507247924805,0.009974241256713867
.\benchmark\8x8_obst12\map_8by8_obst12_agents5_ex41.yaml,18.75,5,37,38,10,10,0.07681584358215332,0.009973764419555664
.\benchmark\8x8_obst12\map_8by8_obst12_agents5_ex42.yaml,18.75,5,37,36,15,15,1.2868387699127197,0.009966373443603516
.\benchmark\8x8_obst12\map_8by8_obst12_agents5_ex43.yaml,18.75,5,41,43,11,12,0.04986739158630371,0.0109710693359375
.\benchmark\8x8_obst12\map_8by8_obst12_agents5_ex44.yaml,18.75,5,28,28,8,8,0.008978128433227539,0.007979631423950195
.\benchmark\8x8_obst12\map_8by8_obst12_agents5_ex45.yaml,18.75,5,29,29,9,9,0.005983591079711914,0.009546756744384766
.\benchmark\8x8_obst12\map_8by8_obst12_agents5_ex47.yaml,18.75,5,24,24,9,9,0.005986690521240234,0.007980108261108398
.\benchmark\8x8_obst12\map_8by8_obst12_agents5_ex48.yaml,18.75,5,39,39,11,11,0.01396322250366211,0.011949300765991211
.\benchmark\8x8_obst12\map_8by8_obst12_agents5_ex49.yaml,18.75,5,40,41,11,12,0.010971307754516602,0.010970592498779297
.\benchmark\8x8_obst12\map_8by8_obst12_agents5_ex5.yaml,18.75,5,29,30,10,11,0.050864219665527344,0.007002115249633789
.\benchmark\8x8_obst12\map_8by8_obst12_agents5_ex50.yaml,18.75,5,31,29,12,10,0.040914058685302734,0.009971857070922852
.\benchmark\8x8_obst12\map_8by8_obst12_agents5_ex51.yaml,18.75,5,37,37,12,12,0.011968374252319336,0.010969877243041992
.\benchmark\8x8_obst12\map_8by8_obst12_agents5_ex52.yaml,18.75,5,30,30,7,7,0.00897669792175293,0.009973764419555664
.\benchmark\8x8_obst12\map_8by8_obst12_agents5_ex53.yaml,18.75,5,30,31,10,10,0.028923749923706055,0.011948585510253906
.\benchmark\8x8_obst12\map_8by8_obst12_agents5_ex54.yaml,18.75,5,30,28,10,9,0.024938344955444336,0.00897359848022461
.\benchmark\8x8_obst12\map_8by8_obst12_agents5_ex55.yaml,18.75,5,53,51,16,16,0.37699007987976074,0.014959096908569336
.\benchmark\8x8_obst12\map_8by8_obst12_agents5_ex56.yaml,18.75,5,35,33,10,9,0.0359044075012207,0.010968446731567383
.\benchmark\8x8_obst12\map_8by8_obst12_agents5_ex57.yaml,18.75,5,38,38,11,11,0.012964963912963867,0.010969400405883789
.\benchmark\8x8_obst12\map_8by8_obst12_agents5_ex58.yaml,18.75,5,47,53,14,14,3.2176640033721924,0.013963937759399414
.\benchmark\8x8_obst12\map_8by8_obst12_agents5_ex59.yaml,18.75,5,32,35,8,9,0.00795745849609375,0.009228229522705078
.\benchmark\8x8_obst12\map_8by8_obst12_agents5_ex6.yaml,18.75,5,35,35,12,12,0.00400853157043457,0.008976221084594727
.\benchmark\8x8_obst12\map_8by8_obst12_agents5_ex60.yaml,18.75,5,32,33,12,12,0.036898136138916016,0.011948347091674805
.\benchmark\8x8_obst12\map_8by8_obst12_agents5_ex61.yaml,18.75,5,37,38,12,12,0.04865217208862305,0.0109710693359375
.\benchmark\8x8_obst12\map_8by8_obst12_agents5_ex63.yaml,18.75,5,41,41,13,13,0.05287909507751465,0.010968685150146484
.\benchmark\8x8_obst12\map_8by8_obst12_agents5_ex64.yaml,18.75,5,48,50,13,13,0.4129009246826172,0.012950897216796875
.\benchmark\8x8_obst12\map_8by8_obst12_agents5_ex66.yaml,18.75,5,36,43,10,15,0.012965917587280273,0.012988805770874023
.\benchmark\8x8_obst12\map_8by8_obst12_agents5_ex67.yaml,18.75,5,43,43,14,15,1.063349962234497,0.011965036392211914
.\benchmark\8x8_obst12\map_8by8_obst12_agents5_ex68.yaml,18.75,5,34,35,9,9,0.004009246826171875,0.010984182357788086
.\benchmark\8x8_obst12\map_8by8_obst12_agents5_ex7.yaml,18.75,5,28,28,10,10,0.003013134002685547,0.007980585098266602
.\benchmark\8x8_obst12\map_8by8_obst12_agents5_ex70.yaml,18.75,5,52,53,12,12,0.09173226356506348,0.014959335327148438
.\benchmark\8x8_obst12\map_8by8_obst12_agents5_ex71.yaml,18.75,5,36,37,10,10,0.07180953025817871,0.012945413589477539
.\benchmark\8x8_obst12\map_8by8_obst12_agents5_ex72.yaml,18.75,5,25,25,8,8,0.005005836486816406,0.008960247039794922
.\benchmark\8x8_obst12\map_8by8_obst12_agents5_ex73.yaml,18.75,5,24,24,9,9,0.053836822509765625,0.00698089599609375
.\benchmark\8x8_obst12\map_8by8_obst12_agents5_ex74.yaml,18.75,5,36,37,11,11,0.04271554946899414,0.011967897415161133
.\benchmark\8x8_obst12\map_8by8_obst12_agents5_ex75.yaml,18.75,5,48,50,14,14,0.20747065544128418,0.01396632194519043
.\benchmark\8x8_obst12\map_8by8_obst12_agents5_ex76.yaml,18.75,5,30,30,11,11,0.13506650924682617,0.008975982666015625
.\benchmark\8x8_obst12\map_8by8_obst12_agents5_ex77.yaml,18.75,5,39,40,10,10,0.0029916763305664062,0.012984752655029297
.\benchmark\8x8_obst12\map_8by8_obst12_agents5_ex78.yaml,18.75,5,41,42,13,13,0.013985395431518555,0.01396322250366211
.\benchmark\8x8_obst12\map_8by8_obst12_agents5_ex79.yaml,18.75,5,36,37,14,14,0.11467504501342773,0.010989904403686523
.\benchmark\8x8_obst12\map_8by8_obst12_agents5_ex8.yaml,18.75,5,30,32,9,13,0.11966109275817871,0.00797891616821289
.\benchmark\8x8_obst12\map_8by8_obst12_agents5_ex80.yaml,18.75,5,37,37,13,13,0.04787158966064453,0.009950637817382812
.\benchmark\8x8_obst12\map_8by8_obst12_agents5_ex82.yaml,18.75,5,34,35,8,9,0.0309140682220459,0.011968612670898438
.\benchmark\8x8_obst12\map_8by8_obst12_agents5_ex83.yaml,18.75,5,39,39,11,11,0.034909963607788086,0.012964487075805664
.\benchmark\8x8_obst12\map_8by8_obst12_agents5_ex84.yaml,18.75,5,35,35,9,9,0.022907733917236328,0.009996175765991211
.\benchmark\8x8_obst12\map_8by8_obst12_agents5_ex85.yaml,18.75,5,38,42,11,12,0.04485464096069336,0.01296544075012207
.\benchmark\8x8_obst12\map_8by8_obst12_agents5_ex87.yaml,18.75,5,48,50,20,21,3.6405699253082275,0.012965202331542969
.\benchmark\8x8_obst12\map_8by8_obst12_agents5_ex88.yaml,18.75,5,25,25,9,9,0.00997304916381836,0.008974552154541016
.\benchmark\8x8_obst12\map_8by8_obst12_agents5_ex89.yaml,18.75,5,37,37,10,10,0.03687763214111328,0.012546777725219727
.\benchmark\8x8_obst12\map_8by8_obst12_agents5_ex9.yaml,18.75,5,31,33,11,13,0.040888309478759766,0.00897669792175293
.\benchmark\8x8_obst12\map_8by8_obst12_agents5_ex90.yaml,18.75,5,33,33,9,9,0.012965917587280273,0.011967897415161133
.\benchmark\8x8_obst12\map_8by8_obst12_agents5_ex91.yaml,18.75,5,47,49,12,12,0.05483388900756836,0.012967348098754883
.\benchmark\8x8_obst12\map_8by8_obst12_agents5_ex92.yaml,18.75,5,34,31,11,10,0.2044534683227539,0.009952783584594727
.\benchmark\8x8_obst12\map_8by8_obst12_agents5_ex93.yaml,18.75,5,28,28,10,10,0.015978574752807617,0.009973764419555664
.\benchmark\8x8_obst12\map_8by8_obst12_agents5_ex95.yaml,18.75,5,36,37,9,11,0.06283140182495117,0.009973764419555664
.\benchmark\8x8_obst12\map_8by8_obst12_agents5_ex96.yaml,18.75,5,34,37,10,11,0.010970830917358398,0.009973764419555664
.\benchmark\8x8_obst12\map_8by8_obst12_agents5_ex97.yaml,18.75,5,32,32,12,12,0.03426170349121094,0.01099085807800293
.\benchmark\8x8_obst12\map_8by8_obst12_agents5_ex98.yaml,18.75,5,41,41,10,10,0.034906864166259766,0.011947393417358398
.\benchmark\8x8_obst12\map_8by8_obst12_agents5_ex99.yaml,18.75,5,39,39,10,10,0.03887629508972168,0.01364755630493164
.\benchmark\8x8_obst12\map_8by8_obst12_agents6_ex0.yaml,18.75,6,36,36,9,9,0.008954286575317383,0.013962507247924805
.\benchmark\8x8_obst12\map_8by8_obst12_agents6_ex1.yaml,18.75,6,56,57,13,15,5.164557456970215,0.020975351333618164
.\benchmark\8x8_obst12\map_8by8_obst12_agents6_ex10.yaml,18.75,6,48,50,12,14,0.3081793785095215,0.014959335327148438
.\benchmark\8x8_obst12\map_8by8_obst12_agents6_ex11.yaml,18.75,6,58,59,15,14,0.5177130699157715,0.020945310592651367
.\benchmark\8x8_obst12\map_8by8_obst12_agents6_ex13.yaml,18.75,6,47,45,12,11,7.233680248260498,0.01695847511291504
.\benchmark\8x8_obst12\map_8by8_obst12_agents6_ex14.yaml,18.75,6,51,50,12,11,0.1037435531616211,0.02094244956970215
.\benchmark\8x8_obst12\map_8by8_obst12_agents6_ex15.yaml,18.75,6,32,34,8,8,0.019948720932006836,0.011948108673095703
.\benchmark\8x8_obst12\map_8by8_obst12_agents6_ex16.yaml,18.75,6,21,34,8,8,0.0010192394256591797,0.011948108673095703
.\benchmark\8x8_obst12\map_8by8_obst12_agents6_ex17.yaml,18.75,6,61,60,13,12,12.30923318862915,0.01797342300415039
.\benchmark\8x8_obst12\map_8by8_obst12_agents6_ex19.yaml,18.75,6,40,40,10,10,0.017950057983398438,0.013942956924438477
.\benchmark\8x8_obst12\map_8by8_obst12_agents6_ex2.yaml,18.75,6,36,35,12,10,0.05786609649658203,0.012964725494384766
.\benchmark\8x8_obst12\map_8by8_obst12_agents6_ex21.yaml,18.75,6,40,39,10,9,0.05285930633544922,0.012965917587280273
.\benchmark\8x8_obst12\map_8by8_obst12_agents6_ex22.yaml,18.75,6,56,56,16,16,0.019945621490478516,0.021941423416137695
.\benchmark\8x8_obst12\map_8by8_obst12_agents6_ex23.yaml,18.75,6,42,43,11,11,0.02591085433959961,0.016954898834228516
.\benchmark\8x8_obst12\map_8by8_obst12_agents6_ex24.yaml,18.75,6,51,52,13,17,2.736492156982422,0.01695537567138672
.\benchmark\8x8_obst12\map_8by8_obst12_agents6_ex25.yaml,18.75,6,47,46,11,11,0.8278148174285889,0.01695561408996582
.\benchmark\8x8_obst12\map_8by8_obst12_agents6_ex26.yaml,18.75,6,37,37,13,13,0.01695537567138672,0.016955137252807617
.\benchmark\8x8_obst12\map_8by8_obst12_agents6_ex27.yaml,18.75,6,42,40,10,8,0.05285978317260742,0.014980316162109375
.\benchmark\8x8_obst12\map_8by8_obst12_agents6_ex3.yaml,18.75,6,52,53,13,13,0.21804594993591309,0.019926786422729492
.\benchmark\8x8_obst12\map_8by8_obst12_agents6_ex30.yaml,18.75,6,35,35,10,10,0.01628422737121582,0.020944833755493164
.\benchmark\8x8_obst12\map_8by8_obst12_agents6_ex31.yaml,18.75,6,38,39,9,9,0.16239261627197266,0.013491630554199219
.\benchmark\8x8_obst12\map_8by8_obst12_agents6_ex32.yaml,18.75,6,46,46,14,14,0.30115246772766113,0.023964881896972656
.\benchmark\8x8_obst12\map_8by8_obst12_agents6_ex33.yaml,18.75,6,29,29,8,8,0.006981372833251953,0.012964963912963867
.\benchmark\8x8_obst12\map_8by8_obst12_agents6_ex34.yaml,18.75,6,57,55,18,16,0.3904740810394287,0.019539594650268555
.\benchmark\8x8_obst12\map_8by8_obst12_agents6_ex35.yaml,18.75,6,45,43,14,12,0.15922021865844727,0.012964725494384766
.\benchmark\8x8_obst12\map_8by8_obst12_agents6_ex38.yaml,18.75,6,59,59,14,14,0.022942543029785156,0.019927263259887695
.\benchmark\8x8_obst12\map_8by8_obst12_agents6_ex39.yaml,18.75,6,42,42,14,14,0.276263952255249,0.01495981216430664
.\benchmark\8x8_obst12\map_8by8_obst12_agents6_ex4.yaml,18.75,6,41,43,12,13,0.022919416427612305,0.014959573745727539
.\benchmark\8x8_obst12\map_8by8_obst12_agents6_ex40.yaml,18.75,6,42,43,11,11,0.058843135833740234,0.017933130264282227
.\benchmark\8x8_obst12\map_8by8_obst12_agents6_ex41.yaml,18.75,6,38,38,12,12,0.191511869430542,0.011966705322265625
.\benchmark\8x8_obst12\map_8by8_obst12_agents6_ex42.yaml,18.75,6,35,35,9,9,0.02982330322265625,0.010950565338134766
.\benchmark\8x8_obst12\map_8by8_obst12_agents6_ex43.yaml,18.75,6,46,35,10,9,0.04388141632080078,0.010950565338134766
.\benchmark\8x8_obst12\map_8by8_obst12_agents6_ex44.yaml,18.75,6,45,45,12,10,0.5934185981750488,0.014960289001464844
.\benchmark\8x8_obst12\map_8by8_obst12_agents6_ex47.yaml,18.75,6,41,42,11,11,0.07813572883605957,0.015957355499267578
.\benchmark\8x8_obst12\map_8by8_obst12_agents6_ex49.yaml,18.75,6,53,58,12,13,1.274780511856079,0.018969297409057617
.\benchmark\8x8_obst12\map_8by8_obst12_agents6_ex5.yaml,18.75,6,26,27,10,11,0.002992391586303711,0.009970664978027344
.\benchmark\8x8_obst12\map_8by8_obst12_agents6_ex50.yaml,18.75,6,35,37,8,9,0.055852651596069336,0.012965679168701172
.\benchmark\8x8_obst12\map_8by8_obst12_agents6_ex51.yaml,18.75,6,41,41,15,15,0.051436424255371094,0.014961004257202148
.\benchmark\8x8_obst12\map_8by8_obst12_agents6_ex52.yaml,18.75,6,40,41,13,14,0.5867180824279785,0.011968135833740234
.\benchmark\8x8_obst12\map_8by8_obst12_agents6_ex54.yaml,18.75,6,51,49,18,16,0.09676265716552734,0.01894974708557129
.\benchmark\8x8_obst12\map_8by8_obst12_agents6_ex55.yaml,18.75,6,49,47,18,16,0.3530600070953369,0.019947290420532227
.\benchmark\8x8_obst12\map_8by8_obst12_agents6_ex57.yaml,18.75,6,38,39,14,14,0.07239103317260742,0.011947393417358398
.\benchmark\8x8_obst12\map_8by8_obst12_agents6_ex58.yaml,18.75,6,30,30,9,9,0.010970592498779297,0.012987613677978516
.\benchmark\8x8_obst12\map_8by8_obst12_agents6_ex59.yaml,18.75,6,43,43,11,11,0.019967317581176758,0.013942956924438477
.\benchmark\8x8_obst12\map_8by8_obst12_agents6_ex6.yaml,18.75,6,45,45,13,13,0.04188871383666992,0.018949270248413086
.\benchmark\8x8_obst12\map_8by8_obst12_agents6_ex60.yaml,18.75,6,38,39,9,9,0.020944833755493164,0.013942718505859375
.\benchmark\8x8_obst12\map_8by8_obst12_agents6_ex61.yaml,18.75,6,46,46,13,13,0.012989044189453125,0.016955852508544922
.\benchmark\8x8_obst12\map_8by8_obst12_agents6_ex62.yaml,18.75,6,35,31,8,8,0.17852306365966797,0.01495981216430664
.\benchmark\8x8_obst12\map_8by8_obst12_agents6_ex63.yaml,18.75,6,42,43,14,14,0.07081055641174316,0.01296544075012207
.\benchmark\8x8_obst12\map_8by8_obst12_agents6_ex64.yaml,18.75,6,45,41,13,11,3.3868775367736816,0.013963937759399414
.\benchmark\8x8_obst12\map_8by8_obst12_agents6_ex65.yaml,18.75,6,42,43,13,13,0.030917882919311523,0.015957117080688477
.\benchmark\8x8_obst12\map_8by8_obst12_agents6_ex67.yaml,18.75,6,32,32,12,12,0.08275556564331055,0.012524604797363281
.\benchmark\8x8_obst12\map_8by8_obst12_agents6_ex68.yaml,18.75,6,50,49,14,12,0.09173274040222168,0.019946575164794922
.\benchmark\8x8_obst12\map_8by8_obst12_agents6_ex69.yaml,18.75,6,35,35,8,8,0.00795745849609375,0.014960050582885742
.\benchmark\8x8_obst12\map_8by8_obst12_agents6_ex7.yaml,18.75,6,50,49,14,14,0.5685055255889893,0.013942241668701172
.\benchmark\8x8_obst12\map_8by8_obst12_agents6_ex71.yaml,18.75,6,38,39,9,9,0.011968135833740234,0.015957117080688477
.\benchmark\8x8_obst12\map_8by8_obst12_agents6_ex72.yaml,18.75,6,47,47,12,12,0.02495408058166504,0.017951250076293945
.\benchmark\8x8_obst12\map_8by8_obst12_agents6_ex73.yaml,18.75,6,32,32,10,10,0.01597762107849121,0.0129852294921875
.\benchmark\8x8_obst12\map_8by8_obst12_agents6_ex74.yaml,18.75,6,43,44,11,11,0.031894683837890625,0.014957666397094727
.\benchmark\8x8_obst12\map_8by8_obst12_agents6_ex75.yaml,18.75,6,32,32,8,8,0.011966943740844727,0.012945413589477539
.\benchmark\8x8_obst12\map_8by8_obst12_agents6_ex77.yaml,18.75,6,47,48,14,14,0.23721861839294434,0.014960527420043945
.\benchmark\8x8_obst12\map_8by8_obst12_agents6_ex78.yaml,18.75,6,60,62,13,14,0.5355725288391113,0.01894974708557129
.\benchmark\8x8_obst12\map_8by8_obst12_agents6_ex79.yaml,18.75,6,44,46,10,11,0.0718085765838623,0.01593637466430664
.\benchmark\8x8_obst12\map_8by8_obst12_agents6_ex8.yaml,18.75,6,31,31,7,7,0.0019736289978027344,0.010968923568725586
.\benchmark\8x8_obst12\map_8by8_obst12_agents6_ex80.yaml,18.75,6,55,52,16,16,3.3825297355651855,0.014940023422241211
.\benchmark\8x8_obst12\map_8by8_obst12_agents6_ex81.yaml,18.75,6,45,44,13,11,0.1316521167755127,0.016954660415649414
.\benchmark\8x8_obst12\map_8by8_obst12_agents6_ex82.yaml,18.75,6,45,47,11,14,0.03791952133178711,0.01595783233642578
.\benchmark\8x8_obst12\map_8by8_obst12_agents6_ex84.yaml,18.75,6,39,39,9,9,0.0029916763305664062,0.014960765838623047
.\benchmark\8x8_obst12\map_8by8_obst12_agents6_ex85.yaml,18.75,6,33,33,7,7,0.006982564926147461,0.011618614196777344
.\benchmark\8x8_obst12\map_8by8_obst12_agents6_ex86.yaml,18.75,6,46,44,11,10,0.4111323356628418,0.014960527420043945
.\benchmark\8x8_obst12\map_8by8_obst12_agents6_ex87.yaml,18.75,6,48,45,15,13,2.097860097885132,0.015957355499267578
.\benchmark\8x8_obst12\map_8by8_obst12_agents6_ex91.yaml,18.75,6,40,38,13,11,0.02892327308654785,0.012965679168701172
.\benchmark\8x8_obst12\map_8by8_obst12_agents6_ex92.yaml,18.75,6,55,56,12,12,1.1694653034210205,0.018929719924926758
.\benchmark\8x8_obst12\map_8by8_obst12_agents6_ex93.yaml,18.75,6,45,45,13,13,1.700221300125122,0.016934871673583984
.\benchmark\8x8_obst12\map_8by8_obst12_agents6_ex94.yaml,18.75,6,34,32,8,8,0.03390812873840332,0.013962984085083008
.\benchmark\8x8_obst12\map_8by8_obst12_agents6_ex95.yaml,18.75,6,45,44,10,10,0.16012310981750488,0.016955137252807617
.\benchmark\8x8_obst12\map_8by8_obst12_agents6_ex96.yaml,18.75,6,49,52,13,16,0.02989983558654785,0.015935897827148438
.\benchmark\8x8_obst12\map_8by8_obst12_agents6_ex97.yaml,18.75,6,34,35,10,10,0.049462080001831055,0.014936685562133789
.\benchmark\8x8_obst12\map_8by8_obst12_agents6_ex98.yaml,18.75,6,34,33,9,8,0.23250150680541992,0.01595759391784668
.\benchmark\8x8_obst12\map_8by8_obst12_agents7_ex0.yaml,18.75,7,47,45,9,8,0.5467827320098877,0.018930673599243164
.\benchmark\8x8_obst12\map_8by8_obst12_agents7_ex1.yaml,18.75,7,57,57,11,11,0.09275293350219727,0.023936033248901367
.\benchmark\8x8_obst12\map_8by8_obst12_agents7_ex10.yaml,18.75,7,47,46,12,11,0.1755526065826416,0.019947052001953125
.\benchmark\8x8_obst12\map_8by8_obst12_agents7_ex12.yaml,18.75,7,50,50,12,14,0.8642518520355225,0.01693558692932129
.\benchmark\8x8_obst12\map_8by8_obst12_agents7_ex13.yaml,18.75,7,46,45,12,11,0.04585719108581543,0.02094435691833496
.\benchmark\8x8_obst12\map_8by8_obst12_agents7_ex15.yaml,18.75,7,52,56,12,13,0.1715235710144043,0.019947528839111328
.\benchmark\8x8_obst12\map_8by8_obst12_agents7_ex19.yaml,18.75,7,56,63,14,21,0.020922422409057617,0.020965576171875
.\benchmark\8x8_obst12\map_8by8_obst12_agents7_ex2.yaml,18.75,7,50,52,10,11,0.030918121337890625,0.019928693771362305
.\benchmark\8x8_obst12\map_8by8_obst12_agents7_ex20.yaml,18.75,7,47,48,9,9,0.007978677749633789,0.018948793411254883
.\benchmark\8x8_obst12\map_8by8_obst12_agents7_ex21.yaml,18.75,7,39,39,8,8,0.018948793411254883,0.015938282012939453
.\benchmark\8x8_obst12\map_8by8_obst12_agents7_ex22.yaml,18.75,7,43,46,8,13,0.1625652313232422,0.017952442169189453
.\benchmark\8x8_obst12\map_8by8_obst12_agents7_ex25.yaml,18.75,7,43,46,10,9,0.11768674850463867,0.022938966751098633
.\benchmark\8x8_obst12\map_8by8_obst12_agents7_ex26.yaml,18.75,7,50,49,9,9,0.36362671852111816,0.02293872833251953
.\benchmark\8x8_obst12\map_8by8_obst12_agents7_ex27.yaml,18.75,7,51,53,12,13,0.0059850215911865234,0.01795196533203125
.\benchmark\8x8_obst12\map_8by8_obst12_agents7_ex28.yaml,18.75,7,62,61,15,14,0.6582269668579102,0.020944595336914062
.\benchmark\8x8_obst12\map_8by8_obst12_agents7_ex29.yaml,18.75,7,43,40,12,8,0.30823493003845215,0.018950223922729492
.\benchmark\8x8_obst12\map_8by8_obst12_agents7_ex3.yaml,18.75,7,49,51,10,12,0.029920101165771484,0.01992654800415039
.\benchmark\8x8_obst12\map_8by8_obst12_agents7_ex30.yaml,18.75,7,56,58,16,16,10.941725015640259,0.02293848991394043
.\benchmark\8x8_obst12\map_8by8_obst12_agents7_ex31.yaml,18.75,7,63,64,16,16,0.7190649509429932,0.022943735122680664
.\benchmark\8x8_obst12\map_8by8_obst12_agents7_ex32.yaml,18.75,7,54,64,11,23,10.600115537643433,0.02094435691833496
.\benchmark\8x8_obst12\map_8by8_obst12_agents7_ex33.yaml,18.75,7,40,42,8,8,0.02391338348388672,0.020946264266967773
.\benchmark\8x8_obst12\map_8by8_obst12_agents7_ex35.yaml,18.75,7,49,49,10,10,0.9264395236968994,0.021940946578979492
.\benchmark\8x8_obst12\map_8by8_obst12_agents7_ex36.yaml,18.75,7,67,70,15,14,11.43330454826355,0.027925968170166016
.\benchmark\8x8_obst12\map_8by8_obst12_agents7_ex38.yaml,18.75,7,45,46,9,9,1.7188093662261963,0.017952442169189453
.\benchmark\8x8_obst12\map_8by8_obst12_agents7_ex39.yaml,18.75,7,38,37,11,10,0.23900222778320312,0.0169527530670166
.\benchmark\8x8_obst12\map_8by8_obst12_agents7_ex4.yaml,18.75,7,58,56,13,13,0.1431279182434082,0.02391672134399414
.\benchmark\8x8_obst12\map_8by8_obst12_agents7_ex41.yaml,18.75,7,48,47,10,10,4.001661062240601,0.01994800567626953
.\benchmark\8x8_obst12\map_8by8_obst12_agents7_ex43.yaml,18.75,7,57,53,12,12,7.499911546707153,0.021941184997558594
.\benchmark\8x8_obst12\map_8by8_obst12_agents7_ex44.yaml,18.75,7,55,56,14,15,0.11469554901123047,0.02094435691833496
.\benchmark\8x8_obst12\map_8by8_obst12_agents7_ex45.yaml,18.75,7,62,60,14,14,0.9635858535766602,0.022919416427612305
.\benchmark\8x8_obst12\map_8by8_obst12_agents7_ex47.yaml,18.75,7,45,45,11,11,0.08078360557556152,0.018929719924926758
.\benchmark\8x8_obst12\map_8by8_obst12_agents7_ex48.yaml,18.75,7,55,55,14,12,0.2453458309173584,0.024932384490966797
.\benchmark\8x8_obst12\map_8by8_obst12_agents7_ex49.yaml,18.75,7,43,43,10,10,0.07482123374938965,0.01795172691345215
.\benchmark\8x8_obst12\map_8by8_obst12_agents7_ex5.yaml,18.75,7,55,57,11,12,0.22142934799194336,0.023915767669677734
.\benchmark\8x8_obst12\map_8by8_obst12_agents7_ex50.yaml,18.75,7,60,58,15,16,9.54919147491455,0.019949674606323242
.\benchmark\8x8_obst12\map_8by8_obst12_agents7_ex52.yaml,18.75,7,28,28,5,5,0.0009984970092773438,0.012945413589477539
.\benchmark\8x8_obst12\map_8by8_obst12_agents7_ex53.yaml,18.75,7,41,41,13,13,0.012966156005859375,0.01496124267578125
.\benchmark\8x8_obst12\map_8by8_obst12_agents7_ex54.yaml,18.75,7,47,48,10,10,0.06859326362609863,0.021938085556030273
.\benchmark\8x8_obst12\map_8by8_obst12_agents7_ex56.yaml,18.75,7,62,61,18,19,1.1922650337219238,0.02992105484008789
.\benchmark\8x8_obst12\map_8by8_obst12_agents7_ex58.yaml,18.75,7,45,44,15,13,0.5939264297485352,0.021945476531982422
.\benchmark\8x8_obst12\map_8by8_obst12_agents7_ex59.yaml,18.75,7,53,54,10,10,0.19334626197814941,0.021960973739624023
.\benchmark\8x8_obst12\map_8by8_obst12_agents7_ex6.yaml,18.75,7,37,38,10,10,0.020111799240112305,0.015958309173583984
.\benchmark\8x8_obst12\map_8by8_obst12_agents7_ex60.yaml,18.75,7,44,44,13,13,0.015935182571411133,0.01593327522277832
.\benchmark\8x8_obst12\map_8by8_obst12_agents7_ex62.yaml,18.75,7,46,44,12,12,0.1612260341644287,0.019947052001953125
.\benchmark\8x8_obst12\map_8by8_obst12_agents7_ex69.yaml,18.75,7,60,60,14,14,0.345081090927124,0.019947052001953125
.\benchmark\8x8_obst12\map_8by8_obst12_agents7_ex70.yaml,18.75,7,39,41,8,9,0.031889915466308594,0.019946813583374023
.\benchmark\8x8_obst12\map_8by8_obst12_agents7_ex71.yaml,18.75,7,58,57,13,12,0.38254261016845703,0.0259096622467041
.\benchmark\8x8_obst12\map_8by8_obst12_agents7_ex73.yaml,18.75,7,51,53,11,11,0.5084621906280518,0.021961212158203125
.\benchmark\8x8_obst12\map_8by8_obst12_agents7_ex74.yaml,18.75,7,60,62,15,14,0.43942832946777344,0.028903484344482422
.\benchmark\8x8_obst12\map_8by8_obst12_agents7_ex75.yaml,18.75,7,59,62,12,12,1.8256659507751465,0.023916244506835938
.\benchmark\8x8_obst12\map_8by8_obst12_agents7_ex76.yaml,18.75,7,39,39,8,8,0.0019953250885009766,0.018965959548950195
.\benchmark\8x8_obst12\map_8by8_obst12_agents7_ex77.yaml,18.75,7,46,46,10,10,0.30374741554260254,0.0219419002532959
.\benchmark\8x8_obst12\map_8by8_obst12_agents7_ex78.yaml,18.75,7,40,43,8,8,0.02695012092590332,0.01890254020690918
.\benchmark\8x8_obst12\map_8by8_obst12_agents7_ex79.yaml,18.75,7,42,42,11,11,0.01593613624572754,0.01795053482055664
.\benchmark\8x8_obst12\map_8by8_obst12_agents7_ex8.yaml,18.75,7,32,34,9,9,0.016955137252807617,0.014940977096557617
.\benchmark\8x8_obst12\map_8by8_obst12_agents7_ex80.yaml,18.75,7,47,48,11,11,0.08475255966186523,0.022938966751098633
.\benchmark\8x8_obst12\map_8by8_obst12_agents7_ex83.yaml,18.75,7,60,81,12,18,0.13067126274108887,0.02989983558654785
.\benchmark\8x8_obst12\map_8by8_obst12_agents7_ex84.yaml,18.75,7,48,50,9,10,0.01493978500366211,0.020943641662597656
.\benchmark\8x8_obst12\map_8by8_obst12_agents7_ex85.yaml,18.75,7,51,51,15,15,0.31914615631103516,0.02692890167236328
.\benchmark\8x8_obst12\map_8by8_obst12_agents7_ex86.yaml,18.75,7,55,50,15,12,1.4109456539154053,0.026928424835205078
.\benchmark\8x8_obst12\map_8by8_obst12_agents7_ex87.yaml,18.75,7,53,51,16,17,4.5173118114471436,0.01795220375061035
.\benchmark\8x8_obst12\map_8by8_obst12_agents7_ex88.yaml,18.75,7,40,40,13,13,0.012966632843017578,0.01741647720336914
.\benchmark\8x8_obst12\map_8by8_obst12_agents7_ex89.yaml,18.75,7,60,70,11,16,4.208814859390259,0.021921873092651367
.\benchmark\8x8_obst12\map_8by8_obst12_agents7_ex9.yaml,18.75,7,41,43,12,12,0.05385732650756836,0.01595759391784668
.\benchmark\8x8_obst12\map_8by8_obst12_agents7_ex90.yaml,18.75,7,41,37,8,8,1.2694804668426514,0.018949031829833984
.\benchmark\8x8_obst12\map_8by8_obst12_agents7_ex91.yaml,18.75,7,37,36,9,10,0.09073662757873535,0.01695418357849121
.\benchmark\8x8_obst12\map_8by8_obst12_agents7_ex92.yaml,18.75,7,67,68,13,13,0.3061847686767578,0.026453733444213867
.\benchmark\8x8_obst12\map_8by8_obst12_agents7_ex94.yaml,18.75,7,44,45,10,10,0.01894974708557129,0.01795482635498047
.\benchmark\8x8_obst12\map_8by8_obst12_agents7_ex95.yaml,18.75,7,44,44,10,10,0.055831193923950195,0.022974252700805664
.\benchmark\8x8_obst12\map_8by8_obst12_agents7_ex96.yaml,18.75,7,52,58,10,14,0.9418518543243408,0.024933815002441406
.\benchmark\8x8_obst12\map_8by8_obst12_agents7_ex97.yaml,18.75,7,49,50,10,11,0.03887629508972168,0.02494025230407715
.\benchmark\8x8_obst12\map_8by8_obst12_agents8_ex10.yaml,18.75,8,67,64,16,16,14.165555715560913,0.0279233455657959
.\benchmark\8x8_obst12\map_8by8_obst12_agents8_ex15.yaml,18.75,8,37,34,10,10,0.2420790195465088,0.023936748504638672
.\benchmark\8x8_obst12\map_8by8_obst12_agents8_ex16.yaml,18.75,8,60,61,12,12,0.05884361267089844,0.03490614891052246
.\benchmark\8x8_obst12\map_8by8_obst12_agents8_ex17.yaml,18.75,8,68,77,14,14,0.0578460693359375,0.04188895225524902
.\benchmark\8x8_obst12\map_8by8_obst12_agents8_ex18.yaml,18.75,8,53,53,12,12,0.01695418357849121,0.028921842575073242
.\benchmark\8x8_obst12\map_8by8_obst12_agents8_ex19.yaml,18.75,8,51,49,15,15,1.7446935176849365,0.0249326229095459
.\benchmark\8x8_obst12\map_8by8_obst12_agents8_ex22.yaml,18.75,8,55,57,9,9,0.18800687789916992,0.029921293258666992
.\benchmark\8x8_obst12\map_8by8_obst12_agents8_ex24.yaml,18.75,8,61,61,12,11,0.21701335906982422,0.029923200607299805
.\benchmark\8x8_obst12\map_8by8_obst12_agents8_ex26.yaml,18.75,8,55,54,14,12,12.935689687728882,0.02692890167236328
.\benchmark\8x8_obst12\map_8by8_obst12_agents8_ex27.yaml,18.75,8,62,63,10,10,1.1540067195892334,0.028435945510864258
.\benchmark\8x8_obst12\map_8by8_obst12_agents8_ex28.yaml,18.75,8,58,59,11,11,0.03690290451049805,0.027905941009521484
.\benchmark\8x8_obst12\map_8by8_obst12_agents8_ex31.yaml,18.75,8,58,60,10,11,0.15261554718017578,0.03044605255126953
.\benchmark\8x8_obst12\map_8by8_obst12_agents8_ex32.yaml,18.75,8,58,60,14,12,0.44680166244506836,0.03291153907775879
.\benchmark\8x8_obst12\map_8by8_obst12_agents8_ex33.yaml,18.75,8,41,41,10,10,0.15288424491882324,0.01992344856262207
.\benchmark\8x8_obst12\map_8by8_obst12_agents8_ex34.yaml,18.75,8,53,49,9,9,0.14262008666992188,0.024933338165283203
.\benchmark\8x8_obst12\map_8by8_obst12_agents8_ex37.yaml,18.75,8,60,61,11,12,4.571788549423218,0.026928186416625977
.\benchmark\8x8_obst12\map_8by8_obst12_agents8_ex43.yaml,18.75,8,47,49,11,12,0.034906625747680664,0.023936986923217773
.\benchmark\8x8_obst12\map_8by8_obst12_agents8_ex44.yaml,18.75,8,56,57,11,11,0.06685805320739746,0.03091883659362793
.\benchmark\8x8_obst12\map_8by8_obst12_agents8_ex45.yaml,18.75,8,55,57,11,11,0.026745319366455078,0.02692866325378418
.\benchmark\8x8_obst12\map_8by8_obst12_agents8_ex5.yaml,18.75,8,61,61,13,13,0.17252159118652344,0.026908397674560547
.\benchmark\8x8_obst12\map_8by8_obst12_agents8_ex50.yaml,18.75,8,62,63,11,11,0.13164925575256348,0.027925491333007812
.\benchmark\8x8_obst12\map_8by8_obst12_agents8_ex54.yaml,18.75,8,57,59,11,11,0.09375,0.030937910079956055
.\benchmark\8x8_obst12\map_8by8_obst12_agents8_ex55.yaml,18.75,8,57,57,10,14,3.7064032554626465,0.02391648292541504
.\benchmark\8x8_obst12\map_8by8_obst12_agents8_ex56.yaml,18.75,8,52,53,11,11,0.17752742767333984,0.027925491333007812
.\benchmark\8x8_obst12\map_8by8_obst12_agents8_ex57.yaml,18.75,8,67,66,12,12,2.6887738704681396,0.03293251991271973
.\benchmark\8x8_obst12\map_8by8_obst12_agents8_ex59.yaml,18.75,8,50,50,8,9,0.061835289001464844,0.023935556411743164
.\benchmark\8x8_obst12\map_8by8_obst12_agents8_ex63.yaml,18.75,8,54,52,13,12,1.6985597610473633,0.020924806594848633
.\benchmark\8x8_obst12\map_8by8_obst12_agents8_ex65.yaml,18.75,8,49,48,9,10,0.18435335159301758,0.022939443588256836
.\benchmark\8x8_obst12\map_8by8_obst12_agents8_ex66.yaml,18.75,8,58,54,14,13,2.9970498085021973,0.025934934616088867
.\benchmark\8x8_obst12\map_8by8_obst12_agents8_ex68.yaml,18.75,8,63,61,15,14,9.955461978912354,0.033104658126831055
.\benchmark\8x8_obst12\map_8by8_obst12_agents8_ex69.yaml,18.75,8,49,49,10,12,0.5874538421630859,0.026928186416625977
.\benchmark\8x8_obst12\map_8by8_obst12_agents8_ex7.yaml,18.75,8,69,72,11,13,1.6169884204864502,0.0329129695892334
.\benchmark\8x8_obst12\map_8by8_obst12_agents8_ex70.yaml,18.75,8,62,63,11,10,2.4693033695220947,0.028902769088745117
.\benchmark\8x8_obst12\map_8by8_obst12_agents8_ex72.yaml,18.75,8,49,49,8,10,1.8335871696472168,0.02293848991394043
.\benchmark\8x8_obst12\map_8by8_obst12_agents8_ex73.yaml,18.75,8,47,50,9,10,0.04186844825744629,0.020944595336914062
.\benchmark\8x8_obst12\map_8by8_obst12_agents8_ex76.yaml,18.75,8,61,58,11,11,1.0463955402374268,0.02393651008605957
.\benchmark\8x8_obst12\map_8by8_obst12_agents8_ex77.yaml,18.75,8,44,44,10,10,0.02194070816040039,0.01994633674621582
.\benchmark\8x8_obst12\map_8by8_obst12_agents8_ex8.yaml,18.75,8,58,61,11,11,0.03787875175476074,0.03189420700073242
.\benchmark\8x8_obst12\map_8by8_obst12_agents8_ex80.yaml,18.75,8,60,67,13,11,8.441802501678467,0.0319063663482666
.\benchmark\8x8_obst12\map_8by8_obst12_agents8_ex81.yaml,18.75,8,53,50,12,12,7.431619167327881,0.020943403244018555
.\benchmark\8x8_obst12\map_8by8_obst12_agents8_ex82.yaml,18.75,8,53,55,10,11,0.1406545639038086,0.022941112518310547
.\benchmark\8x8_obst12\map_8by8_obst12_agents8_ex83.yaml,18.75,8,61,59,11,11,0.6857271194458008,0.027926206588745117
.\benchmark\8x8_obst12\map_8by8_obst12_agents8_ex84.yaml,18.75,8,49,50,9,9,0.10739970207214355,0.02591085433959961
.\benchmark\8x8_obst12\map_8by8_obst12_agents8_ex85.yaml,18.75,8,53,56,12,13,0.033889055252075195,0.027112960815429688
.\benchmark\8x8_obst12\map_8by8_obst12_agents8_ex86.yaml,18.75,8,53,50,13,10,0.6569299697875977,0.027905941009521484
.\benchmark\8x8_obst12\map_8by8_obst12_agents8_ex88.yaml,18.75,8,47,47,10,10,0.8983209133148193,0.0229184627532959
.\benchmark\8x8_obst12\map_8by8_obst12_agents8_ex89.yaml,18.75,8,57,57,12,12,0.04686856269836426,0.024914026260375977
.\benchmark\8x8_obst12\map_8by8_obst12_agents8_ex9.yaml,18.75,8,44,45,8,9,0.07278704643249512,0.020923614501953125
.\benchmark\8x8_obst12\map_8by8_obst12_agents8_ex90.yaml,18.75,8,62,66,11,13,4.49615478515625,0.02992081642150879
.\benchmark\8x8_obst12\map_8by8_obst12_agents8_ex91.yaml,18.75,8,67,68,17,14,5.35768461227417,0.032912254333496094
.\benchmark\8x8_obst12\map_8by8_obst12_agents8_ex93.yaml,18.75,8,53,54,11,11,0.7492904663085938,0.02690887451171875
.\benchmark\8x8_obst12\map_8by8_obst12_agents8_ex95.yaml,18.75,8,56,53,11,11,0.30545759201049805,0.024933338165283203
.\benchmark\8x8_obst12\map_8by8_obst12_agents8_ex96.yaml,18.75,8,57,54,13,13,0.4553406238555908,0.030893325805664062
.\benchmark\8x8_obst12\map_8by8_obst12_agents8_ex97.yaml,18.75,8,58,58,11,11,0.26482439041137695,0.026928424835205078
.\benchmark\8x8_obst12\map_8by8_obst12_agents9_ex0.yaml,18.75,9,67,69,14,12,0.3476743698120117,0.03690147399902344
.\benchmark\8x8_obst12\map_8by8_obst12_agents9_ex16.yaml,18.75,9,66,69,10,10,0.10569930076599121,0.04089021682739258
.\benchmark\8x8_obst12\map_8by8_obst12_agents9_ex18.yaml,18.75,9,77,81,14,15,0.5675086975097656,0.04190492630004883
.\benchmark\8x8_obst12\map_8by8_obst12_agents9_ex2.yaml,18.75,9,73,74,13,14,6.535009145736694,0.0379176139831543
.\benchmark\8x8_obst12\map_8by8_obst12_agents9_ex23.yaml,18.75,9,59,57,14,12,13.207463502883911,0.028922557830810547
.\benchmark\8x8_obst12\map_8by8_obst12_agents9_ex27.yaml,18.75,9,57,54,10,10,7.97667384147644,0.030917882919311523
.\benchmark\8x8_obst12\map_8by8_obst12_agents9_ex29.yaml,18.75,9,41,52,10,16,0.010477542877197266,0.026927947998046875
.\benchmark\8x8_obst12\map_8by8_obst12_agents9_ex31.yaml,18.75,9,57,58,13,13,0.15511369705200195,0.0319366455078125
.\benchmark\8x8_obst12\map_8by8_obst12_agents9_ex34.yaml,18.75,9,69,72,12,14,0.991661787033081,0.02993917465209961
.\benchmark\8x8_obst12\map_8by8_obst12_agents9_ex35.yaml,18.75,9,52,57,9,10,0.003989219665527344,0.033907175064086914
.\benchmark\8x8_obst12\map_8by8_obst12_agents9_ex38.yaml,18.75,9,43,43,8,8,0.02393651008605957,0.02593088150024414
.\benchmark\8x8_obst12\map_8by8_obst12_agents9_ex39.yaml,18.75,9,66,67,11,13,14.320292949676514,0.03091740608215332
.\benchmark\8x8_obst12\map_8by8_obst12_agents9_ex4.yaml,18.75,9,81,83,13,14,2.0252678394317627,0.04188680648803711
.\benchmark\8x8_obst12\map_8by8_obst12_agents9_ex40.yaml,18.75,9,61,83,11,14,1.4205217361450195,0.04188680648803711
.\benchmark\8x8_obst12\map_8by8_obst12_agents9_ex44.yaml,18.75,9,61,59,11,11,0.8870646953582764,0.03191542625427246
.\benchmark\8x8_obst12\map_8by8_obst12_agents9_ex46.yaml,18.75,9,73,74,14,14,3.148090124130249,0.03849053382873535
.\benchmark\8x8_obst12\map_8by8_obst12_agents9_ex54.yaml,18.75,9,77,80,17,17,0.39891743659973145,0.042885541915893555
.\benchmark\8x8_obst12\map_8by8_obst12_agents9_ex55.yaml,18.75,9,62,58,11,10,0.6494452953338623,0.02890300750732422
.\benchmark\8x8_obst12\map_8by8_obst12_agents9_ex59.yaml,18.75,9,59,62,12,12,1.3477518558502197,0.031914710998535156
.\benchmark\8x8_obst12\map_8by8_obst12_agents9_ex61.yaml,18.75,9,71,79,12,15,0.6592440605163574,0.036881446838378906
.\benchmark\8x8_obst12\map_8by8_obst12_agents9_ex64.yaml,18.75,9,67,70,11,11,1.2779996395111084,0.03490591049194336
.\benchmark\8x8_obst12\map_8by8_obst12_agents9_ex65.yaml,18.75,9,74,74,17,17,0.10372400283813477,0.04787302017211914
.\benchmark\8x8_obst12\map_8by8_obst12_agents9_ex68.yaml,18.75,9,44,43,7,7,0.0867910385131836,0.024933815002441406
.\benchmark\8x8_obst12\map_8by8_obst12_agents9_ex74.yaml,18.75,9,60,56,10,9,1.805718183517456,0.02993917465209961
.\benchmark\8x8_obst12\map_8by8_obst12_agents9_ex75.yaml,18.75,9,56,56,9,9,0.17136645317077637,0.032912492752075195
.\benchmark\8x8_obst12\map_8by8_obst12_agents9_ex76.yaml,18.75,9,73,81,12,14,9.749327898025513,0.037899017333984375
.\benchmark\8x8_obst12\map_8by8_obst12_agents9_ex78.yaml,18.75,9,69,70,11,14,13.055928468704224,0.03391075134277344
.\benchmark\8x8_obst12\map_8by8_obst12_agents9_ex81.yaml,18.75,9,73,75,12,13,8.782862186431885,0.038897037506103516
.\benchmark\8x8_obst12\map_8by8_obst12_agents9_ex86.yaml,18.75,9,59,60,8,10,0.6705389022827148,0.029915809631347656
.\benchmark\8x8_obst12\map_8by8_obst12_agents9_ex88.yaml,18.75,9,49,46,9,9,1.083219051361084,0.02843332290649414
.\benchmark\8x8_obst12\map_8by8_obst12_agents9_ex89.yaml,18.75,9,48,44,12,10,0.6163783073425293,0.023936986923217773
.\benchmark\8x8_obst12\map_8by8_obst12_agents9_ex93.yaml,18.75,9,58,57,11,13,0.3683037757873535,0.0359041690826416
.\benchmark\8x8_obst12\map_8by8_obst12_agents9_ex94.yaml,18.75,9,80,90,11,13,0.2772350311279297,0.0548548698425293
.\benchmark\8x8_obst12\map_8by8_obst12_agents9_ex95.yaml,18.75,9,57,59,14,12,0.7539901733398438,0.028943777084350586
.\benchmark\8x8_obst12\map_8by8_obst12_agents9_ex96.yaml,18.75,9,60,63,12,12,0.2628133296966553,0.028923988342285156
.\benchmark\8x8_obst12\map_8by8_obst12_agents9_ex97.yaml,18.75,9,60,62,12,12,1.0460455417633057,0.03733968734741211
.\benchmark\8x8_obst12\map_8by8_obst12_agents9_ex99.yaml,18.75,9,64,67,12,12,0.1545872688293457,0.03987479209899902
